{
  "accuracy": 0.7025,
  "precision": 0.5254237288135594,
  "recall": 0.10316139767054909,
  "f1": 0.17246175243393602,
  "roc_auc": 0.7652078558609131,
  "pr_auc": 0.5039780936001157,
  "mcc": 0.12284298790008252,
  "tn": 1343,
  "fp": 56,
  "fn": 539,
  "tp": 62
}