{
  "method": "xgb_importance",
  "k": "100",
  "rf_metrics": {
    "accuracy": 0.6955,
    "precision": 0.36666666666666664,
    "recall": 0.018302828618968387,
    "f1": 0.03486529318541997,
    "roc_auc": 0.7100894506296987,
    "pr_auc": 0.4276099168165712,
    "mcc": 0.017809456786620617,
    "tn": 1380,
    "fp": 19,
    "fn": 590,
    "tp": 11
  },
  "xgb_metrics": {
    "accuracy": 0.705,
    "precision": 0.5154061624649859,
    "recall": 0.30615640599001664,
    "f1": 0.38413361169102295,
    "roc_auc": 0.7192991428391328,
    "pr_auc": 0.46907371130791187,
    "mcc": 0.2184983178798759,
    "tn": 1226,
    "fp": 173,
    "fn": 417,
    "tp": 184
  }
}