{
  "method": "mutual_info",
  "k": "100",
  "rf_metrics": {
    "accuracy": 0.697,
    "precision": 0.42857142857142855,
    "recall": 0.024958402662229616,
    "f1": 0.04716981132075472,
    "roc_auc": 0.710575892692546,
    "pr_auc": 0.42145904842435694,
    "mcc": 0.03728111572162161,
    "tn": 1379,
    "fp": 20,
    "fn": 586,
    "tp": 15
  },
  "xgb_metrics": {
    "accuracy": 0.7175,
    "precision": 0.545,
    "recall": 0.3627287853577371,
    "f1": 0.4355644355644356,
    "roc_auc": 0.7519918553661459,
    "pr_auc": 0.5031455570569338,
    "mcc": 0.2666445860600532,
    "tn": 1217,
    "fp": 182,
    "fn": 383,
    "tp": 218
  }
}