{
  "method": "mutual_info",
  "k": "25",
  "rf_metrics": {
    "accuracy": 0.6945,
    "precision": 0.42424242424242425,
    "recall": 0.04658901830282862,
    "f1": 0.08395802098950525,
    "roc_auc": 0.7715179252116142,
    "pr_auc": 0.4874951479808206,
    "mcc": 0.0498593090042608,
    "tn": 1361,
    "fp": 38,
    "fn": 573,
    "tp": 28
  },
  "xgb_metrics": {
    "accuracy": 0.7425,
    "precision": 0.56656346749226,
    "recall": 0.6089850249584027,
    "f1": 0.58700882117081,
    "roc_auc": 0.7902495126659285,
    "pr_auc": 0.5865486578776815,
    "mcc": 0.4008446356704991,
    "tn": 1119,
    "fp": 280,
    "fn": 235,
    "tp": 366
  }
}