{
  "method": "mutual_info",
  "k": "50",
  "rf_metrics": {
    "accuracy": 0.6925,
    "precision": 0.3409090909090909,
    "recall": 0.024958402662229616,
    "f1": 0.046511627906976744,
    "roc_auc": 0.7247641826405599,
    "pr_auc": 0.43257722824081457,
    "mcc": 0.01321919154683678,
    "tn": 1370,
    "fp": 29,
    "fn": 586,
    "tp": 15
  },
  "xgb_metrics": {
    "accuracy": 0.731,
    "precision": 0.5553602811950791,
    "recall": 0.5257903494176372,
    "f1": 0.5401709401709401,
    "roc_auc": 0.7726353147422867,
    "pr_auc": 0.5534828902636421,
    "mcc": 0.35052772700206364,
    "tn": 1146,
    "fp": 253,
    "fn": 285,
    "tp": 316
  }
}