{
  "method": "mutual_info",
  "k": "200",
  "rf_metrics": {
    "accuracy": 0.698,
    "precision": 0.42857142857142855,
    "recall": 0.014975041597337771,
    "f1": 0.028938906752411574,
    "roc_auc": 0.6971945732571042,
    "pr_auc": 0.41072281177228226,
    "mcc": 0.028775501851428548,
    "tn": 1387,
    "fp": 12,
    "fn": 592,
    "tp": 9
  },
  "xgb_metrics": {
    "accuracy": 0.693,
    "precision": 0.4786885245901639,
    "recall": 0.24292845257903495,
    "f1": 0.32229580573951433,
    "roc_auc": 0.7105122627405599,
    "pr_auc": 0.4477922725934098,
    "mcc": 0.16486508950080084,
    "tn": 1240,
    "fp": 159,
    "fn": 455,
    "tp": 146
  }
}