{
  "accuracy": 0.6885,
  "precision": 0.28,
  "recall": 0.02329450915141431,
  "f1": 0.043010752688172046,
  "roc_auc": 0.7798254993167212,
  "pr_auc": 0.4883014769966211,
  "mcc": -0.007159875324354345,
  "tn": 1363,
  "fp": 36,
  "fn": 587,
  "tp": 14
}