{
  "accuracy": 0.6925,
  "precision": 0.3409090909090909,
  "recall": 0.024958402662229616,
  "f1": 0.046511627906976744,
  "roc_auc": 0.7247641826405599,
  "pr_auc": 0.43257722824081457,
  "mcc": 0.01321919154683678,
  "tn": 1370,
  "fp": 29,
  "fn": 586,
  "tp": 15
}