{
  "accuracy": 0.699,
  "precision": 0.45454545454545453,
  "recall": 0.008319467554076539,
  "f1": 0.016339869281045753,
  "roc_auc": 0.6890719422834709,
  "pr_auc": 0.41287699658441857,
  "mcc": 0.024986863335010694,
  "tn": 1393,
  "fp": 6,
  "fn": 596,
  "tp": 5
}