{
  "accuracy": 0.6895,
  "precision": 0.3076923076923077,
  "recall": 0.026622296173044926,
  "f1": 0.04900459418070444,
  "roc_auc": 0.7400246670131625,
  "pr_auc": 0.44720840607082435,
  "mcc": 0.0025630634442168777,
  "tn": 1363,
  "fp": 36,
  "fn": 585,
  "tp": 16
}