{
  "accuracy": 0.731,
  "precision": 0.5553602811950791,
  "recall": 0.5257903494176372,
  "f1": 0.5401709401709401,
  "roc_auc": 0.7726353147422867,
  "pr_auc": 0.5534828902636421,
  "mcc": 0.35052772700206364,
  "tn": 1146,
  "fp": 253,
  "fn": 285,
  "tp": 316
}