{
  "accuracy": 0.705,
  "precision": 0.5154061624649859,
  "recall": 0.30615640599001664,
  "f1": 0.38413361169102295,
  "roc_auc": 0.7192991428391328,
  "pr_auc": 0.46907371130791187,
  "mcc": 0.2184983178798759,
  "tn": 1226,
  "fp": 173,
  "fn": 417,
  "tp": 184
}