{
  "accuracy": 0.694,
  "precision": 0.48109965635738833,
  "recall": 0.23294509151414308,
  "f1": 0.31390134529147984,
  "roc_auc": 0.6842372552774206,
  "pr_auc": 0.4411790944685003,
  "mcc": 0.16254599943655,
  "tn": 1248,
  "fp": 151,
  "fn": 461,
  "tp": 140
}