{
  "accuracy": 0.717,
  "precision": 0.5427872860635696,
  "recall": 0.36938435940099834,
  "f1": 0.4396039603960396,
  "roc_auc": 0.7574687886165421,
  "pr_auc": 0.49231454027572225,
  "mcc": 0.2679421833210868,
  "tn": 1212,
  "fp": 187,
  "fn": 379,
  "tp": 222
}