{
  "accuracy": 0.7025,
  "precision": 0.509375,
  "recall": 0.27121464226289516,
  "f1": 0.3539630836047774,
  "roc_auc": 0.7291552440000523,
  "pr_auc": 0.4826026445358115,
  "mcc": 0.19883402938755207,
  "tn": 1242,
  "fp": 157,
  "fn": 438,
  "tp": 163
}