{
  "accuracy": 0.743,
  "precision": 0.568503937007874,
  "recall": 0.6006655574043261,
  "f1": 0.5841423948220065,
  "roc_auc": 0.7918705897604541,
  "pr_auc": 0.6051851647871839,
  "mcc": 0.39869942863224567,
  "tn": 1125,
  "fp": 274,
  "fn": 240,
  "tp": 361
}