{
  "accuracy": 0.7125,
  "precision": 0.5241635687732342,
  "recall": 0.46921797004991683,
  "f1": 0.495171202809482,
  "roc_auc": 0.7627399651997684,
  "pr_auc": 0.5230636331489106,
  "mcc": 0.2959351855418725,
  "tn": 1143,
  "fp": 256,
  "fn": 319,
  "tp": 282
}