{
  "accuracy": 0.7175,
  "precision": 0.545,
  "recall": 0.3627287853577371,
  "f1": 0.4355644355644356,
  "roc_auc": 0.7519918553661459,
  "pr_auc": 0.5031455570569338,
  "mcc": 0.2666445860600532,
  "tn": 1217,
  "fp": 182,
  "fn": 383,
  "tp": 218
}