{
  "accuracy": 0.7075,
  "precision": 0.5199004975124378,
  "recall": 0.34775374376039936,
  "f1": 0.4167497507477567,
  "roc_auc": 0.7578113199468601,
  "pr_auc": 0.4921322154383554,
  "mcc": 0.2400192915407201,
  "tn": 1206,
  "fp": 193,
  "fn": 392,
  "tp": 209
}