{
  "experiment": "experiment_1_jit_only",
  "dataset_rows": 10000,
  "train_rows": 8000,
  "test_rows": 2000,
  "features": [
    "la",
    "ld",
    "nf",
    "ns",
    "nd",
    "ent",
    "ndev",
    "age",
    "nuc",
    "aexp",
    "arexp",
    "asexp"
  ],
  "scale_pos_weight": 5.097560975609756,
  "models": {
    "random_forest": {
      "accuracy": 0.7075,
      "precision": 0.5199004975124378,
      "recall": 0.34775374376039936,
      "f1": 0.4167497507477567,
      "roc_auc": 0.7578113199468601,
      "pr_auc": 0.4921322154383554,
      "mcc": 0.2400192915407201,
      "tn": 1206,
      "fp": 193,
      "fn": 392,
      "tp": 209
    },
    "xgboost": {
      "accuracy": 0.737,
      "precision": 0.550744248985115,
      "recall": 0.6772046589018302,
      "f1": 0.6074626865671642,
      "roc_auc": 0.8029392280438012,
      "pr_auc": 0.6222529884581633,
      "mcc": 0.4178425697899776,
      "tn": 1067,
      "fp": 332,
      "fn": 194,
      "tp": 407
    }
  }
}