{
  "accuracy": 0.737,
  "precision": 0.550744248985115,
  "recall": 0.6772046589018302,
  "f1": 0.6074626865671642,
  "roc_auc": 0.8029392280438012,
  "pr_auc": 0.6222529884581633,
  "mcc": 0.4178425697899776,
  "tn": 1067,
  "fp": 332,
  "fn": 194,
  "tp": 407
}