{
  "best_model": "Stacking Ensemble",
  "metric": "roc_auc",
  "metrics": {
    "accuracy": 0.707,
    "precision": 0.7027027027027027,
    "recall": 0.04326123128119801,
    "f1": 0.08150470219435736,
    "roc_auc": 0.8040316413316382,
    "pr_auc": 0.6126991091482881,
    "mcc": 0.12043968175288736,
    "tn": 1388.0,
    "fp": 11.0,
    "fn": 575.0,
    "tp": 26.0
  }
}