{
  "accuracy": 0.6965,
  "precision": 0.2,
  "recall": 0.0033277870216306157,
  "f1": 0.006546644844517185,
  "roc_auc": 0.6869097132608388,
  "pr_auc": 0.4041845270068517,
  "mcc": -0.015539012855016394,
  "tn": 1391,
  "fp": 8,
  "fn": 599,
  "tp": 2
}