{
  "accuracy": 0.6995,
  "precision": 0.0,
  "recall": 0.0,
  "f1": 0.0,
  "roc_auc": 0.6767265422532616,
  "pr_auc": 0.39785887198303727,
  "mcc": 0.0,
  "tn": 1399,
  "fp": 0,
  "fn": 601,
  "tp": 0
}