{
  "accuracy": 0.6915,
  "precision": 0.4708029197080292,
  "recall": 0.2146422628951747,
  "f1": 0.2948571428571429,
  "roc_auc": 0.6867099033181533,
  "pr_auc": 0.43094816651438306,
  "mcc": 0.14799971592459785,
  "tn": 1254,
  "fp": 145,
  "fn": 472,
  "tp": 129
}