{
  "accuracy": 0.698,
  "precision": 0.4634146341463415,
  "recall": 0.03161397670549085,
  "f1": 0.059190031152647975,
  "roc_auc": 0.7157394335625994,
  "pr_auc": 0.44463820111116426,
  "mcc": 0.051406579805433894,
  "tn": 1377,
  "fp": 22,
  "fn": 582,
  "tp": 19
}