{
  "random_forest": {
    "accuracy": 0.698,
    "precision": 0.4634146341463415,
    "recall": 0.03161397670549085,
    "f1": 0.059190031152647975,
    "roc_auc": 0.7157394335625994,
    "pr_auc": 0.44463820111116426,
    "mcc": 0.051406579805433894,
    "tn": 1377,
    "fp": 22,
    "fn": 582,
    "tp": 19
  },
  "xgboost": {
    "accuracy": 0.7095,
    "precision": 0.6470588235294118,
    "recall": 0.07321131447587355,
    "f1": 0.13153961136023917,
    "roc_auc": 0.7420239557849141,
    "pr_auc": 0.5105189211767729,
    "mcc": 0.14181160044371804,
    "tn": 1375,
    "fp": 24,
    "fn": 557,
    "tp": 44
  }
}