{
  "accuracy": 0.7095,
  "precision": 0.6470588235294118,
  "recall": 0.07321131447587355,
  "f1": 0.13153961136023917,
  "roc_auc": 0.7420239557849141,
  "pr_auc": 0.5105189211767729,
  "mcc": 0.14181160044371804,
  "tn": 1375,
  "fp": 24,
  "fn": 557,
  "tp": 44
}