commit_id,project,author_date,buggy_true,rf_pred,rf_score,xgb_pred,xgb_score
1ed457c24b81f1c72df7071dc7835dc81a393651,apache/hive,2019-10-02 09:37:43,0,0,0.01,0,0.0059814127
0363880b5e1070eb862528dd48060c3bff05e6ab,apache/hive,2018-06-15 15:59:59,0,0,0.03,0,0.03769711
16e6b837d96050b0837086c8dd171c71d9c0bcee,apache/hive,2018-05-30 11:40:49,0,0,0.01,0,0.013573701
1327d47a5d325179420cc2de15f7535bc9d10040,apache/hive,2019-01-24 16:32:46,0,0,0.11,0,0.31961024
14c72c68a87260cca11a8ff14060a99e2e3d60a4,apache/hive,2018-10-19 19:54:11,0,0,0.23,1,0.65989053
7eadc07ec27a259e1ac13d29ff1fb3ef9e0d2226,apache/hive,2018-05-23 20:09:40,1,0,0.42,1,0.6068759
34298eb81d20a4a5bafd52fcf2f5dd45722aac05,apache/hive,2018-04-27 17:56:00,0,0,0.07,0,0.008886146
cd715e7f4c9fc6ff1e5cbc2a2e832aef1b750424,apache/hive,2018-09-11 15:45:30,0,0,0.03,0,0.1866919
c3939dab9c7d9429464add3e95741de76e78a3ab,apache/hive,2019-03-11 05:50:44,0,0,0.17,1,0.5800038
8f3b312e049c3892b3fd80e009b2c1aa8869e8ea,apache/hive,2018-10-15 13:12:34,0,0,0.03,0,0.14078625
b101af1d0563fe2bbe41f5e9f38ea575e1e3237c,apache/hive,2018-12-11 18:34:43,0,0,0.3,0,0.48029998
0781cf2c5104dafd0c5496631cafabac9d59df67,apache/hive,2019-11-18 18:29:20,0,0,0.03,0,0.005983803
a217b814de51ba135587410362bfccce4f751003,apache/hive,2018-11-29 10:33:45,0,0,0.03,0,0.010022428
3d834677a46380ddf618f21a0a1c3b59061d5229,apache/hive,2018-05-16 18:54:44,0,0,0.04,0,0.03051682
ba083ed43adb89b738387c900c822548e348ccd0,apache/hive,2018-07-21 20:42:32,0,0,0.08,0,0.4354658
0f39030c3d33b11ae9c14ac81e047b44e8695371,apache/hive,2019-07-16 08:50:09,0,0,0.01,0,0.0040658507
6fb264e6ff4e19127fed032638364ab1ecd7b0ec,apache/hive,2019-01-25 06:43:21,0,0,0.02,0,0.008041487
77b9c3c79953121c19554a7de6953a6e21de9db6,apache/hive,2019-02-27 03:16:07,0,0,0.06,0,0.010722039
2ff9c5229d1470afab12258862f801cf14dc2a2d,apache/hive,2018-10-05 21:16:25,0,0,0.03,0,0.10082848
2d8e48c75414cb03d36290f97413124dea8337bb,apache/hive,2018-05-10 18:54:54,0,0,0.0,0,0.006255619
422578ad9888fccb96bb5b829ffa6ddb6e9db6d4,apache/hive,2019-03-30 04:52:44,0,0,0.02,0,0.017994959
52f94b8f1dd99950f9323a6c2a5e3a694db46269,apache/hive,2018-11-13 18:34:10,0,0,0.08,0,0.39677018
4cb24ce8421783d93d2bb010b1c57a5f904de693,apache/hive,2018-03-12 19:18:22,0,0,0.0,0,0.002715559
559efeabc743d95777e911901603b0b14ef98fb5,apache/hive,2019-03-28 23:15:15,0,0,0.14,1,0.6146324
cdfb530d2838ef1a5f2748976cf7503dcbac9fd4,apache/hive,2018-05-19 03:43:30,0,0,0.11,0,0.037942126
da10aabe56edf8fbb26d89d64bedcc4afa84a305,apache/hive,2018-04-25 15:41:57,0,0,0.0,0,0.0075174267
645458532b6b8220bbf097b70a25caf7186d4c4b,apache/hive,2018-06-08 22:36:23,0,0,0.07,0,0.49467
ffb02e7869cedf2b0911ecec9ba8403e189f101c,apache/hive,2018-07-05 20:37:12,0,0,0.24,1,0.51786643
911e1eb4b09bb369dc1962396bdd92617cd2e63c,apache/hive,2019-03-04 22:41:54,0,0,0.02,0,0.007090591
8c0767625069418871194f418b99bce8cca1007b,apache/hive,2018-06-18 15:12:10,0,0,0.05,0,0.04835248
0dfecd5d14aee9de81754347c6728afe9d7134dc,apache/hive,2019-12-19 12:00:08,0,0,0.03,0,0.054304983
e8ca5a27c8c1ea29b5b0b518f0061f10626a25cc,apache/hive,2019-04-03 17:41:30,0,0,0.04,0,0.35695285
ee0a10d904bd39ca22c40cd5768bc12eef7ba71d,apache/hive,2019-07-16 22:01:32,0,0,0.02,0,0.0043688943
b920a209ccbf01f044ab139eaf21ca97709a8105,apache/hive,2019-09-11 10:10:57,0,0,0.12,1,0.5812562
c062b690678e165877198216db108f9907021441,apache/hive,2018-04-18 16:39:27,0,0,0.0,0,0.06647439
16d94fbe21de4a817d640ae05f7b324d207d42e1,apache/hive,2018-04-16 03:40:51,0,0,0.15,0,0.20561998
34d2bda8ec52299b5fa398648ddc1ce40bd94182,apache/hive,2019-04-01 20:18:59,0,0,0.0,0,0.0043959017
92ecdd97bc183b939d1e074f23f52f96e6fafe25,apache/hive,2018-07-22 23:25:57,0,0,0.06,0,0.12955968
d1098536f72ad254dabbb0d7471fa6c7e8b9933c,apache/hive,2018-02-05 13:54:02,0,0,0.39,1,0.74007225
19187bed0d8fa8250c7a76b84e3a39a420f32bf8,apache/hive,2018-08-02 16:07:06,0,0,0.12,0,0.04399844
9a02aa86b9fe4b68681ba1c7129d5028f24791c9,apache/hive,2018-02-13 15:03:53,0,0,0.03,0,0.07224466
e84e89d78051d7c4ac474a407c85f8200d8537bb,apache/hive,2018-05-25 08:15:39,0,0,0.08,0,0.23491748
6a8f4cbe328608a29f04c97c47b9d8c17f4ae29e,apache/hive,2018-06-28 00:25:14,0,0,0.12,0,0.3193151
23db35e092ce1d09c5993b45c8b0f790505fc1a5,apache/hive,2019-11-21 12:38:46,0,0,0.04,0,0.13132678
615e71e798b299ff58ef22a1a8f91073b0cefab5,apache/hive,2018-05-10 05:37:09,0,0,0.0,0,0.00916423
e8e0396c17bd126e116d0326279ed6da91e9ea37,apache/hive,2018-12-13 23:54:53,0,0,0.33,1,0.56863844
6b62a96e2a35e47f4a5b2c69713c6d771c1ae00d,apache/hive,2019-06-20 06:42:04,0,0,0.21,0,0.25098878
d18a6ef60c03f494fa2737b032b9605e69fdef11,apache/hive,2019-04-25 21:58:41,0,0,0.09,0,0.08200759
b51b47c0edca838a0f2109a049efb05e62da2b7b,apache/hive,2018-06-28 03:25:16,0,0,0.03,0,0.045899633
0d39a81c1177093312133504f5026f63fe06d08a,apache/hive,2018-10-21 18:40:54,0,0,0.04,0,0.014849753
2b7e99708f546fa7dbc4b6dfd3a9fcfe69b186dd,apache/hive,2019-05-08 16:21:44,0,0,0.05,0,0.31046686
95ea9f535f0439391b7b8ddc411f5f097d6dc818,apache/hive,2018-06-09 20:10:48,0,0,0.35,0,0.48766145
fedefeba65e0ce98fe3e5db5c802982ac70acf53,apache/hive,2018-02-14 00:07:44,0,0,0.04,0,0.23937593
20d9306e954c0cbefb0fe6dbaaba95104b922ea3,apache/hive,2019-01-25 10:49:53,0,0,0.03,0,0.033087466
b36b89ce8eb542038990af0bd2cd8de57176acfa,apache/hive,2019-06-20 06:17:17,0,0,0.07,0,0.2993459
a2b10a4f6cd750810a6451e17e4394ed6f8dec0a,apache/hive,2019-10-19 22:46:16,0,0,0.04,0,0.0061962167
e103abc3f6807576663a3b4c49b3dc5f9b1c0a64,apache/hive,2018-12-12 13:56:00,0,0,0.23,1,0.71891713
0a7cc714fe9872c9dddb3601d4b9fc8ddbacb062,apache/hive,2018-11-27 01:32:14,0,0,0.01,0,0.088220894
042eb39884dbcc4acb8af38dfdbd392c408527a8,apache/hive,2018-05-14 21:25:58,0,0,0.09,0,0.048046224
9a9978f18a172e388baa7988cd4ef4926d6dd847,apache/hive,2019-07-05 08:09:21,0,0,0.02,0,0.008824466
3fb2b3883228ef7b20e515775fd9870b853ea627,apache/hive,2019-10-01 11:21:58,0,0,0.04,0,0.29299894
f09db52fdd3e1fc4ebadc41c36b8347b9a5723a5,apache/hive,2019-01-17 17:19:04,0,0,0.03,0,0.04000704
244ca8e5c3192acd017d691ccdbaf0fa06c9fe39,apache/hive,2018-04-12 03:05:01,0,0,0.42,1,0.82330626
79e47400534643898cade30593b0a949caf00076,apache/hive,2018-01-31 08:03:23,0,0,0.07,0,0.025386756
198487557d17d53fa9216a3e814b7eb073da4781,apache/hive,2018-08-14 20:14:39,0,0,0.17,0,0.32746762
58bbfc733939f5fe2229af106809270e3d6fb4e2,apache/hive,2018-02-09 14:29:53,0,0,0.04,0,0.13149065
5ced7bf923c4ec4477ebfd68ff50aa2047be4eae,apache/hive,2018-05-29 17:58:24,0,0,0.18,1,0.508295
f567a8231f4329e77d8eceb68b40d0cee8022a47,apache/hive,2018-04-29 21:14:00,0,0,0.0,0,0.01699665
3a26cd9b36b5c308e860b8250c1deefea0cdcf94,apache/hive,2018-09-23 17:36:39,0,0,0.0,0,0.008489473
6c4adc9fc509d53a650e41841cfb6c37352384f5,apache/hive,2018-04-20 02:47:08,0,0,0.02,0,0.029438455
eca6b89458be22abae2529ae549894cb1ba75a6d,apache/hive,2018-01-03 23:15:24,0,0,0.18,0,0.269125
61e21d6c3039087b83609577325175b1f603b50f,apache/hive,2018-03-02 17:11:01,0,0,0.1,0,0.23463456
3cbc13e92b9c22fabf9eac72eaec9352eb9b43d2,apache/hive,2018-10-23 01:30:18,0,0,0.11,0,0.099675186
040c0783e01fb3089d7925def7c349d7ac98e4d6,apache/hive,2018-05-24 18:17:00,0,0,0.1,0,0.27479634
fc81b8909b1a0e6aa15900387a98bccf38ae2247,apache/hive,2019-11-18 04:09:10,0,0,0.01,0,0.0043368335
b7b3f881f4840430378a27131278876a34368995,apache/hive,2018-03-01 16:08:55,0,0,0.04,0,0.11124387
cb9d5ccd87997985b4623369247aead32bd91390,apache/hive,2019-01-11 20:54:28,0,0,0.08,0,0.26775336
5b46790e04c1be602d97e96b9450580bece0139f,apache/hive,2019-06-28 13:19:15,0,0,0.34,1,0.5772373
4e4ab7aa3ada0300c3f732ef5fc48c83ebb1ab47,apache/hive,2018-05-25 02:11:48,0,0,0.05,0,0.14362332
ec2378f53c3e4b79c2a915c7c6091b64f9860917,apache/hive,2018-02-22 02:09:46,0,0,0.18,1,0.5267981
948684a7e18e95bc9a1a990fd58cb7e790570749,apache/hive,2018-01-25 22:04:40,0,0,0.0,0,0.14177854
8349dbde55f479167e43cfd1f089e131d4271e5b,apache/hive,2018-04-28 17:47:09,0,0,0.11,0,0.2609096
5131046ca795ecf958e4e24f163e6014588c2222,apache/hive,2018-12-18 14:57:36,0,0,0.0,0,0.0047721458
3cea8609e9c2bc3eb39e12da7df95781620aa106,apache/hive,2018-11-29 04:24:37,0,0,0.02,0,0.003995814
3ce97c907156b26dc5acbf7e88915f42b319859d,apache/hive,2018-08-07 07:32:22,0,0,0.26,0,0.44942406
b054174bb0eb8b692cafbb30194236fc75486e60,apache/hive,2018-10-09 23:02:25,0,0,0.02,0,0.010941414
a8ef2147fad5aeaaf01279230da9c584db6a2337,apache/hive,2018-08-06 23:52:24,0,0,0.01,0,0.11463418
edc53cc0d95e983c371a224943dd866210f0c65c,apache/hive,2018-07-31 02:18:44,0,0,0.03,0,0.036098324
83afdb4d52d8ee9c6ac4006a1808233609c85298,apache/hive,2018-05-29 19:05:29,0,0,0.05,0,0.15012147
34ced3062f0b5083049cf1c94aa6d5335ee923c7,apache/hive,2018-04-25 04:51:22,0,0,0.1,1,0.5156937
727e4b2d21d6f451a5073f2eaa0241e84225281f,apache/hive,2018-09-28 02:26:12,1,0,0.11,0,0.13387442
5616cbe40587c7cd218b15645c8563e6b4c6662e,apache/hive,2018-04-30 22:29:14,0,0,0.05,0,0.011982046
90d19acd2b4f8301847ef13b4c8a91df3eafc65d,apache/hive,2018-07-23 18:02:17,0,0,0.22,1,0.73614615
9502d06d2c36b80e9fe4ecf9d37e7b5d94d3b04e,apache/hive,2019-10-02 09:07:58,0,0,0.04,0,0.026636802
9f15e22f4aea99891a37aa1e54d490921e6e1174,apache/hive,2018-04-03 15:51:00,1,0,0.28,1,0.715948
94152c9977fa98c294d5062325ee721c09f549e0,apache/hive,2018-03-19 09:45:58,0,0,0.18,1,0.67451274
ee5566b75fb69d7a77352f08e70a88a9f9080384,apache/hive,2018-09-20 03:49:23,0,1,0.81,1,0.95380414
cfd2b149a82d3e3dfbd1f0608ace514195ec5cf2,apache/hive,2018-01-10 20:17:50,0,0,0.12,0,0.4112121
877757cb9fabd666bf21ed902183c5b10d341d73,apache/hive,2018-10-30 03:55:34,0,0,0.14,0,0.24089967
10699bf1498b677a852c0faa1279d3c904151b73,apache/hive,2018-04-25 14:17:56,0,0,0.2,1,0.6285181
5c8392468cb581f53b6cb55d201fc933dca025e3,apache/hive,2019-09-05 01:19:26,0,0,0.08,0,0.013478689
156ed46a35a0aa4b2e4f8a05049d966d7894d617,apache/hive,2018-11-14 22:34:23,0,0,0.3,0,0.44411623
d2b81a967ae92984c21a0e0df17ff8fce0053e8c,apache/hive,2018-08-28 19:54:48,0,0,0.15,0,0.41289803
03aae630d9fd1f4a82ec1d6422de1312ba325f6a,apache/hive,2019-07-29 08:58:47,0,0,0.12,0,0.37751842
af401702847391ab41fcf2ef8216a94a1b7bfc76,apache/hive,2018-10-25 20:03:00,0,0,0.18,0,0.40347528
505a73304587692ca06c9f4270a12d1dabd787b4,apache/hive,2019-07-10 17:16:57,0,0,0.0,0,0.12235529
bb777512f9dd3efc0590b960778fd7ca2e3bab21,apache/hive,2018-11-03 22:24:36,0,0,0.2,0,0.27878028
841081a9c32ad5e0a4db41ec72c9668194a09f3f,apache/hive,2018-01-04 18:02:22,0,0,0.02,0,0.0030502917
3963c729fabf90009cb67d277d40fe5913936358,apache/hive,2018-10-19 03:50:14,0,0,0.03,0,0.043708954
d2bd860fcebd1975cf7d2d3c0fffa7361eafc0b3,apache/hive,2019-04-01 21:08:41,0,0,0.16,0,0.43235514
fc3dd4e52da7c1692d5f0ccfa436d07e313b0462,apache/hive,2018-03-06 23:23:21,1,1,0.87,1,0.925609
97f0513c4c8ff1c251b1bdd1b84bd238557f03b0,apache/hive,2018-10-04 19:37:21,0,0,0.15,0,0.25380158
cf5486dd3c9e87d124ecb86d4b2434a0cdc2d999,apache/hive,2018-08-29 20:39:07,0,0,0.17,0,0.21462584
6fa1e911979d0bf0d4cd98216f3b9f89bd95b706,apache/hive,2019-10-15 09:01:19,0,0,0.05,0,0.17677398
ccc82cfb0dc1d7c5a0d4a193eb0da434ce8a0cfb,apache/hive,2018-03-13 16:37:10,0,0,0.06,0,0.09503021
28f7d19af05fbee2c80102e4c39684e4a5c33697,apache/hive,2018-04-17 00:07:23,0,0,0.16,0,0.07911964
15bf4eb989ed0c69fb4fb76f0e6190e38f22ab80,apache/hive,2018-05-30 18:40:02,0,0,0.01,0,0.040128287
b3ef75eaa1e828f8c80d95ea7c32abcd1f000ef4,apache/hive,2019-01-08 08:26:02,0,1,0.76,1,0.9250225
c93a15553a1cc383888a3ec1d27557bc0857fadd,apache/hive,2018-06-15 21:01:24,0,0,0.07,0,0.04888807
c46c4c90fcea274d788185003cfc490212d8f21c,apache/hive,2018-04-16 15:03:14,0,0,0.12,0,0.039399546
53980ba66df815c64c8d644b36cb37b314ac2d7f,apache/hive,2018-03-03 11:50:40,0,0,0.06,0,0.15891674
99cb7c005d51c693089cc4144f8e8c40bce8c424,apache/hive,2018-06-06 19:20:06,0,0,0.04,0,0.00843652
e7cee300114b2f54b3912d5aa92043d3bdf295b6,apache/hive,2018-06-12 06:37:06,0,0,0.04,0,0.015233034
818569f6d0bb282eed58c14c9041670ced3905ad,apache/hive,2018-07-27 06:14:32,0,0,0.07,1,0.5143053
cee099e656110e7acde736205b57866887639b9d,apache/hive,2018-07-23 06:18:35,0,0,0.08,0,0.2530472
2c7f9c26e88091ada018e0247c1f6ef11f002606,apache/hive,2018-05-02 05:38:08,0,0,0.0,0,0.0062285014
513ee73b77a86c036fbcc424bfc5c70da817c98b,apache/hive,2018-08-17 13:31:09,0,0,0.08,0,0.11234735
db59ec6ecf57dad72588b7593fb516c3e810b5a2,apache/hive,2019-08-22 09:16:02,0,0,0.04,0,0.029570574
f40d94476718df6de42caef3b18811f024fe8713,apache/hive,2018-03-16 18:49:07,0,0,0.0,0,0.0018053118
f83d7654ee8e6758c0026ed53a3a928914640e38,apache/hive,2018-06-18 00:28:02,0,0,0.0,0,0.00093852374
a926179f3d17223886a77e6c9733199e5f8b2b58,apache/hive,2018-02-27 06:48:02,0,0,0.03,0,0.031384595
7f7e28643dcd44e9143172c768b131b9ff9e76ba,apache/hive,2019-08-21 13:30:01,0,0,0.25,1,0.5526447
f20311b00aa57586db630d57d9d9d9b323cc2e96,apache/hive,2018-06-14 14:06:03,0,0,0.02,0,0.008102091
9b36ffa92cc4e0f47ea03d8d167debe743342f5b,apache/hive,2018-03-08 20:53:20,0,0,0.1,1,0.60377806
689423981e6ec13ec35d6b5c0a988d1059f5425c,apache/hive,2018-08-09 21:36:23,0,0,0.27,1,0.76738405
43e331e35ec17479c204ab6b310e49d68cb4a2e9,apache/hive,2018-06-04 18:28:50,0,0,0.45,1,0.6731352
1d83625385d466b18018201fb89e3541f2fc46b6,apache/hive,2018-05-14 23:46:51,0,0,0.04,0,0.048267428
c049caceb73fa0701b81c8735b6a879e37eaafd0,apache/hive,2018-11-01 01:53:00,0,0,0.01,0,0.017095113
10b6d70da1442cccf533bc97f56a622ec9f39661,apache/hive,2019-06-02 21:29:43,0,0,0.17,0,0.21537332
2d166ab00939251d272f9b6d48d5f649079fa98e,apache/hive,2018-05-26 14:55:22,1,1,0.76,1,0.9648233
766c3dc21e189afbecace308cd24cd1c5bde09b2,apache/hive,2018-06-18 04:38:05,0,0,0.04,0,0.06629433
a84fff8ab6b16018ac548c56f4cec5d59748923f,apache/hive,2018-05-05 12:37:55,0,0,0.02,0,0.0029606605
5db30cd5aeb926d0ebae0a3c2447feb76056abe1,apache/hive,2018-04-02 15:19:41,0,0,0.08,0,0.123215415
b49f02c4c77e7be677aab335a754ab276df6b7e9,apache/hive,2018-09-27 02:26:17,0,0,0.02,0,0.064869545
6c364c66c0bbbffff0ef2927bb1b2a9d1b655eea,apache/hive,2018-05-10 21:42:50,0,0,0.04,0,0.08646842
2ffca04a8b58979b4995a5a6eb264f8f59d9b425,apache/hive,2019-01-23 10:51:04,0,0,0.26,1,0.55758196
9f2f101feec4283f020b72b918e0961215e76789,apache/hive,2019-03-05 02:50:21,0,0,0.07,0,0.19068626
922b24e1ff80f501dfa05182a3d33af5ac12a05c,apache/hive,2019-06-11 09:51:16,0,0,0.04,0,0.19595812
be508b8d16c465ac17f3b8c09d7cbb27c4eee47a,apache/hive,2019-09-23 09:04:08,0,0,0.08,0,0.15473065
19436b701f2e4753e7c1bb117833fe6a4a7c5739,apache/hive,2018-05-01 19:29:55,0,0,0.34,0,0.4605269
07b76f413cb174413f0530a6aae5ae442a301b46,apache/hive,2019-02-07 17:49:19,0,0,0.03,0,0.010512714
73ee8a138fb8574783edcce9f78bae831e81372d,apache/hive,2018-06-15 23:10:14,0,0,0.11,0,0.04696087
a2eb16d0f2e0e1f1d939d20943983e09fed313b0,apache/hive,2018-04-08 23:00:30,0,0,0.23,1,0.5527034
a94f382a0f55e72a4ab0bbeabe7bf7bbac5b384d,apache/hive,2018-04-20 21:29:35,0,0,0.12,0,0.1906318
419593e70565923eb52c704b2bb58007476aa404,apache/hive,2018-02-01 03:46:55,0,0,0.04,0,0.026786849
5050a40d41e37965ecdafc7544fc2283430c4436,apache/hive,2018-06-13 20:27:14,0,0,0.09,0,0.39852226
ddf3b6cd041a9eae67e70074cc1ab7c6bd413613,apache/hive,2018-11-21 23:06:13,0,0,0.14,0,0.43024477
0d7015468611c485c01bb80cdbe4c89e4e68b680,apache/hive,2018-10-26 11:43:53,0,0,0.02,0,0.054912474
9a0692330104d610e8102f509f061a2cc8498e18,apache/hive,2019-05-09 05:39:11,0,0,0.13,1,0.5264877
1593c10dd4b917bf0736779e458739b306835a3f,apache/hive,2018-02-23 03:07:21,1,1,0.53,1,0.78070664
eb21132bfe618855448e332cf49a36ed175b03a5,apache/hive,2018-05-25 18:56:24,0,0,0.03,0,0.007788016
5ba634aa665416743d2f63cbb12f601fe408fe9a,apache/hive,2018-06-16 05:49:23,0,0,0.15,0,0.32038698
a4b087b18bd5b0b4023bced68c85cf1e16301fed,apache/hive,2018-10-02 17:57:07,0,0,0.32,0,0.47074693
39b4f9434f4fc5e1dca0df8ee3d98d86347efcf3,apache/hive,2018-11-05 15:20:23,0,0,0.5,1,0.5970525
cb6dee1cbde7cafaaf87ed294b882eadd738cfb2,apache/hive,2018-05-16 20:14:32,1,0,0.25,1,0.65388405
69a7fc5955ceac1245233c0d297929e730750929,apache/hive,2019-02-14 06:04:33,0,0,0.05,0,0.0033996208
900da82915209630ec7c194619028e5fa1b87d28,apache/hive,2018-01-18 21:28:54,0,0,0.01,0,0.06196211
31e36f01952e7bcc803060351758798f9af9e0b3,apache/hive,2018-03-07 07:44:14,0,0,0.22,0,0.4971456
790976907070a2a737186543d81c71eb542a5337,apache/hive,2018-01-17 20:34:28,0,0,0.21,1,0.5163738
187e1c3a2152ca2ea1534f890531b342ea89ae9f,apache/hive,2019-09-30 04:25:56,0,0,0.18,1,0.60189646
204d715e3e0396272fe445d3100ca5158e2603a7,apache/hive,2018-04-15 21:44:46,0,1,0.62,1,0.86582583
dec0a7ed8da89f002ee5e7d881fec3c7a7e698a7,apache/hive,2018-05-09 16:06:56,1,1,0.52,1,0.79636306
87b9f647b0478b587019e8c94454d33dae970e19,apache/hive,2018-07-24 03:38:40,0,0,0.04,0,0.0027430165
fdc1e1fbdafa668171cd3a6bf5fd2e33a10f8d64,apache/hive,2018-04-03 17:54:18,0,0,0.3,1,0.5544234
269dc5dde1e8290da93f204f2bb951bd4af40098,apache/hive,2019-02-06 09:48:21,0,0,0.2,0,0.42107242
47dd953cd656240257dce9bc9a43fb8647af1c41,apache/hive,2018-07-19 22:00:41,0,0,0.12,0,0.23258846
c166202ac04dfcfb5e0aa6648f1c79f5ff8d11f2,apache/hive,2018-06-05 22:32:56,0,0,0.09,0,0.18984097
a500116daf9ba0a753226836dd7b49d883e1ca18,apache/hive,2019-04-03 21:46:54,0,0,0.09,0,0.49572077
48f92c31dee3983f573f2e66baaa213a0196f1ba,apache/hive,2018-09-05 04:05:06,0,0,0.34,1,0.766524
7c35779cceeea72d00611a4b25808eeb2f3fdc31,apache/hive,2019-04-16 13:18:58,0,0,0.16,1,0.61484116
148635cb830f9adda074b371f8179b03105bbc92,apache/hive,2018-06-08 18:30:07,0,0,0.25,0,0.44754952
d81aed31dec95d54711084264c7a3222a20e5530,apache/hive,2018-04-06 17:02:33,0,0,0.01,0,0.020232815
d2838990f8e8211c2a08b8983bb889da8ac9b76e,apache/hive,2018-04-04 19:02:24,1,0,0.24,0,0.304354
bf8d305a6fd435b3b510dc3f78b5f3329acbe423,apache/hive,2018-05-02 16:41:43,0,0,0.18,1,0.58104074
758b913f291016c78bf0b0e90b2a9cf8f333bb45,apache/hive,2018-05-01 02:26:44,0,0,0.19,0,0.38411093
ec965fa32dbd7146dba4aec1e12cad30240e8e1b,apache/hive,2018-08-23 19:12:26,0,0,0.11,0,0.19205388
7ebcdeb951fca86c1fb4920553ff9f2d3687627a,apache/hive,2018-05-07 20:20:51,0,0,0.09,0,0.045581795
f5618d9227e5f6e643aaf9d8d625dc1fc42180dc,apache/hive,2018-12-10 09:33:00,0,0,0.03,0,0.29027954
9a9f7de87ebbb68708685e7762c2372500459f55,apache/hive,2018-01-30 09:25:34,0,0,0.13,0,0.13018106
9389a5afaa154b1501798f05ba9633a25d5533c0,apache/hive,2018-11-20 23:52:27,0,0,0.34,1,0.67768663
24a98ea24dd2874495c018ee94e84666e6fe69f0,apache/hive,2018-06-11 05:10:13,0,0,0.36,1,0.50739384
66ea3266cb9209f8a201f169be626ba878d5b763,apache/hive,2018-08-03 04:04:34,0,0,0.48,1,0.94302076
273a08ed4e705d9529da7d04e26d2f81bae6ecdb,apache/hive,2018-02-16 20:28:54,0,0,0.05,0,0.11704903
7845089c14a43b6bd2d79264c1c48acd4a9ca81d,apache/hive,2018-03-19 19:32:00,0,0,0.04,0,0.008599487
6bd32a0d6a5dbcd0553ff88fd6c7b9a653e6e1eb,apache/hive,2018-04-16 06:34:12,0,0,0.01,0,0.13093337
7999a4abee6f2aad0de86788980588e60812cac9,apache/hive,2019-06-04 07:34:47,0,0,0.04,0,0.1043551
db605f0d26e5e087c6bded58c4f66e2bbe7d8c1e,apache/hive,2018-08-02 16:24:10,0,0,0.07,0,0.13986084
470a2f998494ef2a78e1424efae70d9eb1b17447,apache/hive,2018-03-30 07:19:24,0,0,0.06,0,0.12819277
4510efd15f44cc4c217bbc65ad2147c14261bccc,apache/hive,2019-07-24 22:31:33,0,0,0.1,0,0.39744958
d9d431cfe96cee3829cf8fbee45c9760f2367a7f,apache/hive,2018-10-03 19:57:51,0,0,0.05,0,0.17474356
7ae4a2c81a7a3a22ab2df2c5f75638e3f5e580f0,apache/hive,2018-11-09 22:11:51,0,0,0.14,0,0.08938813
b9bac8e641f99e2191040b2ec43c730cb217a6bb,apache/hive,2018-07-02 07:37:43,0,0,0.18,0,0.37927085
b8afcc3f7c0b47b1a83ce258da1091f1dbcdb10f,apache/hive,2019-07-30 20:19:11,0,0,0.06,0,0.42255175
50e0077a8c1fc3914b22c496b73833e004d14658,apache/hive,2018-03-15 22:57:29,0,0,0.36,0,0.4786579
190c72e7793d80da48b5c71b5ff0a9547334bedf,apache/hive,2018-03-12 21:05:29,0,0,0.0,0,0.027029697
f0a2fffa9e7044002c6b75219fd3da50b55c3e68,apache/hive,2018-07-19 21:36:50,0,1,0.54,1,0.84499973
1203ee834d709d4710fd6a41daaeb6da48c4d8f6,apache/hive,2018-07-30 12:05:21,0,0,0.0,0,0.0047917184
28db173b9c24991e184fdf69625d932294a15d15,apache/hive,2019-01-11 22:02:34,0,0,0.39,1,0.68792146
0930aec69bc6af835470e6e42460730f3db3ad34,apache/hive,2018-05-07 22:15:23,0,0,0.12,0,0.010566304
b750a16be5a8e378ac11a88ace244e826d23cfe5,apache/hive,2018-03-29 07:28:20,0,0,0.03,0,0.095279336
dfd63d97902b359e1643e955a4d070ac983debd5,apache/hive,2019-01-22 18:43:25,0,0,0.08,0,0.29616252
eba9646b41cc1306b7c5b0f67dcf2853e0b8171d,apache/hive,2019-01-23 09:41:48,0,0,0.0,0,0.013445246
b789aebcfbf19d7b0fd6c2d6643adfd5a8de5f12,apache/hive,2018-11-05 19:08:01,0,0,0.02,0,0.008132355
4117a8b31b5b9d5635e7a2a2c2a59d4a78d91e69,apache/hive,2018-12-03 11:46:41,0,0,0.13,0,0.19808769
1faadb0744975538a0ec4b2de63f05caf37b6f40,apache/hive,2018-02-08 08:10:57,0,0,0.0,0,0.093998484
222b4aca081529d534f94cece1f9af79a0fb3dda,apache/hive,2018-06-28 22:23:08,0,0,0.27,1,0.5322161
7188506112dc23ef46d102fac79b84af43f9a790,apache/hive,2018-05-04 18:10:19,0,0,0.14,0,0.3728497
798ff7d2443f4477c9fb02ad871511b152217829,apache/hive,2018-06-27 02:04:49,0,0,0.0,0,0.005214609
d83a0be9852467b3b8b3bef84721bb49e63f57b8,apache/hive,2018-07-02 19:58:50,0,0,0.06,0,0.024980566
1c33fea890bc01a85eb336caf5d73a85652f91a3,apache/hive,2018-07-01 04:18:09,1,0,0.06,0,0.32407707
6fd4d64db1c1dedd208d3bbffc59fd5544ec5d54,apache/hive,2018-08-10 20:47:44,0,0,0.01,0,0.027352082
f7f7c586d7c8a8142223ae95c8e3add0873c2c86,apache/hive,2019-07-26 04:55:50,0,0,0.02,0,0.18050103
68bdf9eb4e7ef245b8eacc46ddbf94beab86be44,apache/hive,2018-07-25 20:32:22,0,0,0.21,0,0.23205104
54046353e022d7aa5f3656de7d2a66f15608466d,apache/hive,2018-04-17 09:05:39,1,0,0.38,1,0.69012463
6edff8a91fa4db1ba0450f81fdf1c1c1beec50d5,apache/hive,2018-03-28 16:50:29,0,0,0.03,0,0.14701056
bd432c9203584c531f51559d8c97c398202f0794,apache/hive,2019-10-07 09:03:46,0,0,0.5,1,0.883614
6155f307c8b1b5581c5f6a3af394e5b866a39bb7,apache/hive,2018-02-09 14:13:03,0,0,0.3,0,0.40811798
d05b7cf096cda09dde20c1e2d81e4bf7b1879247,apache/hive,2018-08-27 10:24:29,0,0,0.34,1,0.5967615
9fddd6d0c95239fbd4eedbd341cd6374a3a23269,apache/hive,2018-04-22 00:03:43,0,0,0.03,0,0.026542893
51104e308c1031f1f513574ac6e48732f7f303cc,apache/hive,2018-03-23 20:17:31,0,0,0.09,0,0.37998682
c96c6acf6e2ef04618e2c3cb36a28fa695ae07e3,apache/hive,2018-02-14 08:17:31,1,0,0.39,1,0.62858534
e29aea6fa20c1096ac9449ca04669f927a8a7101,apache/hive,2018-01-10 01:13:19,0,0,0.05,0,0.074593045
5ce0b4008ed1d6b7bdce0d037cc6cf7010bd948b,apache/hive,2019-10-14 23:50:01,0,0,0.16,0,0.11787298
e74eb354f5066e595e64e06cf6fe168e48e9ae77,apache/hive,2018-09-07 17:22:05,0,0,0.11,0,0.29997665
1bcc88f15b20e2a808528d664d35c0d21d6c9388,apache/hive,2018-02-06 00:16:54,0,1,0.51,1,0.78982395
0b03b819f953905d28778c66bf10ea4f1fe47976,apache/hive,2018-01-23 02:42:48,1,0,0.11,0,0.13426197
5e3d85c409b14afb6eb94bad01348d013a536503,apache/hive,2018-03-01 23:50:04,0,0,0.0,0,0.078540534
2a55f99e5d17d9a4ea35f6f3b3372c224321f6b7,apache/hive,2018-05-02 15:52:00,0,0,0.16,0,0.15542075
37120b87777c40baf44040fc7778d129cd8a5824,apache/hive,2018-09-15 23:43:44,0,0,0.13,0,0.20126525
9bf0cfc9f9409c263eb108ee62b6b4ca74e8f8da,apache/hive,2019-03-05 01:09:27,0,0,0.06,0,0.05784906
4f67bebe1916b77a8366a2f1627d59bb2d800522,apache/hive,2018-04-23 18:18:51,0,0,0.07,0,0.0034540815
5213abf02179f42c5f339d015e89b1c3387c1af5,apache/hive,2018-04-13 17:29:44,0,0,0.39,1,0.5859362
a7cd99d8c20ab4b38487fd84afd36d1682310b09,apache/hive,2019-03-27 08:24:39,0,0,0.02,0,0.13567778
46c5580b735f9b3b4f3e482d8f7a524dd88d4771,apache/hive,2018-05-02 08:27:02,0,0,0.37,1,0.78953344
706bf724ee24c4e88561b677793eb98468abaec1,apache/hive,2018-12-10 08:59:43,0,0,0.39,1,0.69104254
2422e1808fc58c4e81b9ab99692b99c92e0f02c9,apache/hive,2018-02-07 04:27:49,0,0,0.0,0,0.07592426
0f7163fad61745276f5b8e1eaa797ba297810780,apache/hive,2018-09-22 19:50:10,0,0,0.0,0,0.021972856
ad20ff4b1da9a20a74c5ef3c99b21ced9d756996,apache/hive,2018-04-16 23:34:21,0,0,0.01,0,0.0032806746
22df53b6c223f03edee1a8c271a77e91d66bb2a1,apache/hive,2018-01-15 05:13:55,0,0,0.04,0,0.024919199
86a7eb7730b224f038ff48286cf5d9009ba422c5,apache/hive,2019-05-08 17:34:09,0,0,0.02,0,0.13841878
71c49878c3669f19f900ec1ffe7652c91ce15d38,apache/hive,2018-07-25 14:58:51,0,0,0.37,0,0.48224148
c17888647582a35b2c2fe2f8806eb1e099059b3f,apache/hive,2018-07-19 10:57:27,0,0,0.02,0,0.004444525
788daf609fd9c666dcb42451539917edd4d820ad,apache/hive,2018-07-21 19:16:36,0,0,0.0,0,0.028062657
fc5a5a636c78198c36de9d069cbcc42f2beda460,apache/hive,2018-05-17 23:40:00,0,0,0.22,1,0.52058434
a95ec1e143db3ba36127dc9de07b047bf3857a74,apache/hive,2018-05-24 01:34:00,0,0,0.0,0,0.034296893
86a15600ae610e1c6017019883ef9344585572ef,apache/hive,2019-05-13 12:45:47,0,0,0.06,0,0.041902922
5ace1f7839c857902ff32181881aacf799c6c2fa,apache/hive,2018-09-26 17:08:00,0,0,0.0,0,0.02907341
619f79d9c4ffec2f6b9ebad6fd6e73805fb55dbf,apache/hive,2018-05-28 16:30:16,0,0,0.46,1,0.6890664
f8bc4868eced2ca83113579b626e279bbe6d5b13,apache/hive,2018-04-30 22:30:33,0,0,0.19,1,0.6972699
987d5fff268431e5f9554df7129f7bedd9ad9d5a,apache/hive,2018-02-27 05:39:35,0,0,0.02,0,0.053522665
2b0cb07e4f549e64ca776024caf9cf0b5ba01176,apache/hive,2018-06-29 09:35:17,1,0,0.19,1,0.6259952
63bc9623f28045a5d57232ce410d6ff55b529d41,apache/hive,2019-03-08 16:04:40,0,0,0.37,1,0.8054586
2d99f7863f9da49ef56a85ae156f4bd4b9d5802b,apache/hive,2019-10-07 09:24:59,0,0,0.29,0,0.2107599
c7b5454aa57edec171f7f254b6e342bb4b9cbb82,apache/hive,2018-12-14 17:43:54,0,0,0.01,0,0.0024521565
8ee3497f87f81fa84ee1023e891dc54087c2cd5e,apache/hive,2019-11-30 19:35:07,0,0,0.03,0,0.008573759
5b2124b99fee059d3e8ce71e8ac646a9faed84d5,apache/hive,2018-07-31 21:14:18,0,0,0.05,0,0.0029850362
514123065c629524788b35cba1d9dc673ce5d47e,apache/hive,2018-01-27 18:49:47,0,0,0.02,0,0.0038627011
fc18e4a19e348690bc4b2a50aa383b0cd46022ce,apache/hive,2018-11-08 17:58:32,0,0,0.01,0,0.012621407
54bba9cbfe991f08b295b2dd0874414770630ee7,apache/hive,2018-10-28 15:23:56,0,0,0.32,1,0.5114021
57f40f71ff9275458e743aad0ca460dff2291a4a,apache/hive,2018-08-31 21:03:09,0,0,0.04,0,0.0075170067
a3ed7d6fb2ac131da360fdd99d8361dde5ee5b48,apache/hive,2018-07-26 00:28:45,0,0,0.0,0,0.0063857697
fbb3ed15fd0f078369c1fcb2edd68326d272758a,apache/hive,2018-01-17 14:13:45,0,0,0.07,0,0.0021028356
4a33ec8fcae5f7d18105ef62e33150db6e853af5,apache/hive,2018-02-03 02:34:32,0,0,0.02,0,0.011309205
550d1e1196b7c801c572092db974a459aac6c249,apache/hive,2018-03-24 16:03:46,0,0,0.03,0,0.0017672551
250e10ecf00e4b1e2536ca943be7e9068d699a6c,apache/hive,2018-08-13 05:46:32,0,0,0.01,0,0.0071569723
fb322b1b42739b842fc8c87ff260015d3e69dd45,apache/hive,2019-07-09 15:32:47,0,0,0.02,0,0.010208727
780b0127fd22ec95a6b225a493872bcec364ef76,apache/hive,2018-05-28 16:31:29,0,0,0.01,0,0.0030220498
a070a9dc658301b3224793d7dcaf02a4f4bc8606,apache/hive,2018-11-28 08:55:22,0,0,0.3,1,0.7488367
df8af55a140b5fbfeb31958da82ad7602b70de8e,apache/hive,2018-09-05 07:59:12,0,0,0.01,0,0.010221682
84b5ba7ac9f93c6a496386db91ae4cd5ab7a451d,apache/hive,2019-06-24 22:37:54,0,0,0.33,1,0.58861524
6c34a3742035d963a2690f0249a21da92f2196a0,apache/hive,2018-10-04 16:22:31,0,0,0.02,0,0.053411007
67b0a67c324bd78224e0b8338eda63824d104cdc,apache/hive,2018-06-28 04:18:47,0,0,0.33,1,0.5050091
f2e10f26e89eb147d93944762dc442dacb957c60,apache/hive,2019-01-31 17:07:22,0,1,0.77,1,0.9492135
1733a3712f0c548f9181e6e5b5298f466cad755e,apache/hive,2018-02-07 21:39:41,1,0,0.36,1,0.866225
80a323f4855cbd1f90b8ffc41bbd64df0cec1619,apache/hive,2019-04-03 10:06:45,0,0,0.07,0,0.1592193
691e6544833f0e982d848eef181a80f6cf75a3b6,apache/hive,2018-08-14 23:38:16,0,0,0.1,0,0.113431625
dcb3817d6d1360b816e8687bbae8d7aa62dc2b20,apache/hive,2018-01-29 21:49:00,0,0,0.07,0,0.24476875
7562cdb71779e5055161c6d91235600045b06b89,apache/hive,2018-05-29 04:42:21,0,0,0.1,0,0.27405244
b849a166b63c136c14233e97fe849867d8b43aa8,apache/hive,2018-04-02 22:39:06,0,0,0.01,0,0.19249444
76b696c266122851e9704b5cf4d6ffd55efe0240,apache/hive,2018-04-09 23:15:09,0,0,0.33,1,0.62282276
a22e7dd9e9192eb67a6dfbbcf48db05d61b6cbd7,apache/hive,2018-10-09 18:30:51,0,0,0.09,0,0.20117404
240bfb464631ddb521406eac2348968bbee16c51,apache/hive,2018-10-03 19:22:10,0,0,0.09,0,0.07342514
f4352e5339694d290b1a146feb2577d4f96d14eb,apache/hive,2018-05-22 19:02:46,0,0,0.06620238984316655,0,0.39999717
b290468c0ffe53daa76fad1e2a063d4596ea2ece,apache/hive,2018-04-09 15:04:43,0,1,0.67,1,0.73845184
f83c4dba0a9817344e6b73f8353b8862cd7cad83,apache/hive,2018-04-13 16:43:00,1,0,0.12,0,0.063375995
9d23f7185df576f7258e78c423455276972570d9,apache/hive,2018-05-29 06:45:17,0,0,0.01,0,0.23356925
df5c56bd66c64200f675ce61058a0813f6b1f66f,apache/hive,2018-01-26 23:58:07,0,0,0.28,1,0.66398364
d2a085acd5d26a2e8d1184a359b481d999bbf6c3,apache/ignite,2019-05-24 08:35:59,0,0,0.32,1,0.5643682
a7386e56ca433be71be7a383a71c7adb936ff83d,apache/ignite,2019-01-23 17:22:04,0,0,0.07,0,0.16766985
423ac68f27f4a5cf259a7740b73279b3baaa4e3e,apache/ignite,2018-12-24 20:21:25,0,0,0.36,1,0.67730385
dac30ac22f705192714ba4c61d93df87ddcf60d0,apache/ignite,2018-10-30 11:34:08,0,0,0.01,0,0.10342357
e2fc48e200189e5f36dcf72de8791f23e9d51c2f,apache/ignite,2018-08-23 08:18:05,0,0,0.0,0,0.037832834
440958283eff63cd0d6a055333e7bfb5c2881f8e,apache/ignite,2019-10-28 13:28:03,0,0,0.0,0,0.005129943
31e6c482e6832a8f6c562b7e36f5fa662f1b0e9f,apache/ignite,2019-07-30 08:20:56,0,0,0.0,0,0.005214609
85fbebd8b8b788a1682cdbf259198187c28030f4,apache/ignite,2018-05-29 15:06:00,0,0,0.0,0,0.034377236
c659f9cc07b1e051e4d7c4e133f1683581b7ba79,apache/ignite,2019-01-24 15:30:46,0,0,0.12,1,0.6423552
01a5a915c3eaa87b5a2df153a44d19b78ea454c8,apache/ignite,2019-01-28 11:42:33,0,0,0.03,0,0.08700879
4e95bb400198b6d7c51be353e323c37e36578db4,apache/ignite,2019-03-19 06:57:23,0,0,0.0,0,0.0022840558
86a788f3197fc97d4702415f88afa5a5d7e66e9e,apache/ignite,2018-12-10 05:11:08,0,0,0.02,0,0.07158144
d01ea79e22726f1f07e1505c54a1586edfee70d8,apache/ignite,2019-04-09 13:12:16,0,0,0.0,0,0.0020126547
43ee832482b6cd9237970c097ffc15dadc2c3eb5,apache/ignite,2018-11-17 12:18:08,0,0,0.34,1,0.76810956
113f034dabe186e5e387649601da8bbe1164782a,apache/ignite,2019-03-18 09:50:43,0,0,0.3,0,0.44272068
63e71ea60dd14a9f1d3b19cb84d3ce30d2a297bd,apache/ignite,2018-06-18 10:48:11,0,0,0.0,0,0.01992855
1691af8dd165c049258673e14771de36c2feaaec,apache/ignite,2018-08-15 15:14:55,0,0,0.05,0,0.14695399
501bbed0d223304b7591437659d5aa0eb2acd5b4,apache/ignite,2018-02-22 07:07:19,0,0,0.11,0,0.3352632
ad868a500f43fe7f371a0f9564ac38a09bc4f154,apache/ignite,2018-01-10 09:58:03,0,0,0.05,0,0.012898859
22040a3cb2691d6afe3893208243ca6e1b29f99d,apache/ignite,2018-05-08 15:38:01,1,0,0.34,1,0.73368436
4baf11597d70f8afb22f6d2033bb485a4f7f7a8d,apache/ignite,2018-12-24 20:34:09,1,0,0.13,1,0.5057513
fb2e1e28818d3d96a7a9fcc86043d28f28e76e47,apache/ignite,2019-08-16 13:21:55,0,0,0.35,0,0.49370414
45024f07c0ce8c05a0abbba512da57e2cc5be435,apache/ignite,2019-09-08 09:22:34,1,0,0.32,1,0.84188324
98f35bb338a9aff97f19ab2478158018bd835e1b,apache/ignite,2019-10-04 08:04:04,0,0,0.02,0,0.105224214
e77ca584550d794f6ed9293b3a9c7ddaa48c5f16,apache/ignite,2019-09-30 12:12:50,0,1,0.54,1,0.6614872
ea5a2be1ed44290cc2e4ef33d034c94a6f444ebb,apache/ignite,2018-07-16 17:48:57,0,1,0.59,1,0.7791401
156917778d1fc186f514cc8176cb923fd3c2df99,apache/ignite,2019-02-04 10:30:49,0,0,0.2,0,0.29232427
f92d20ebc4683be945aa0a89c1908119f519bdc1,apache/ignite,2018-02-01 13:34:05,0,0,0.12,0,0.38864058
de16d6b47c9d3ccd6b172a27540a6a7d2d0a9b5b,apache/ignite,2019-06-13 16:32:24,0,0,0.02,0,0.010046524
8e796dc5d69b7c1262f308292002867609196e4f,apache/ignite,2018-01-10 12:54:58,0,0,0.17,0,0.0196265
fd56faaf3fe582a9a7984abc0176a7bed042fc52,apache/ignite,2018-12-21 16:15:40,0,0,0.01,0,0.074785784
014dca2b03e0552dba54e68d4792b87ee24ddebc,apache/ignite,2019-05-24 08:54:39,0,0,0.1,0,0.19737224
0d8a7c0b137688626e1ca4e6b73a4b8f0be1d63b,apache/ignite,2019-01-28 12:00:07,0,0,0.07,0,0.014160878
32fc6c3c1b013c8477acb9cf51d8326a13307c64,apache/ignite,2018-04-11 13:59:59,0,0,0.0,0,0.016192265
4353618a7501e2dada6b0027cadc2b9c6b069fde,apache/ignite,2018-10-22 13:01:28,0,0,0.04,0,0.0031838377
cee961560f410653009915b61d821dab84ea490a,apache/ignite,2019-11-11 12:51:33,0,0,0.05,0,0.25882524
3f16c67dc7aa7a24b61416f73e8d7567a3dda906,apache/ignite,2019-12-18 11:07:17,0,0,0.08,0,0.14171374
567d7994dcd660ecb6831e5c73d02797e80e25f6,apache/ignite,2018-11-09 08:26:14,0,0,0.03,0,0.076343514
d8886a0c69cc9277e6d3142e53a8435b2ffbc340,apache/ignite,2018-12-04 17:14:14,0,0,0.21,0,0.36416203
de4e7aa834b2fd7f3d18d4425aa29ca1971b02ed,apache/ignite,2019-12-25 06:29:29,0,0,0.12,0,0.42599377
fe41474484245508ce49b78e10458496e3647006,apache/ignite,2018-07-04 09:45:45,0,0,0.24,1,0.5865791
f78bf2c66f6bbb9b23f573a9dc53bf08607fbfb6,apache/ignite,2018-11-30 09:16:55,0,0,0.0,0,0.002854826
bd6bc433bc33d500254c799f9c4f502c42b6accd,apache/ignite,2019-01-03 13:53:55,0,0,0.0,0,0.017638076
145a28981017026c86ab509ac3d660449715bbb1,apache/ignite,2018-08-31 08:37:10,0,0,0.0,0,0.0030017062
15a46c0dbdca8fb967dfc608763902882804a47c,apache/ignite,2018-10-16 12:13:47,0,0,0.07,0,0.13808341
a31c0a2e36e0b8cd5d664155148abb372dd6dba1,apache/ignite,2018-12-28 07:43:44,0,0,0.03,0,0.08164935
5765d60e92c667f8efa62a6ea7bb9fa11988824a,apache/ignite,2018-03-22 13:37:21,0,0,0.09,0,0.27761835
54a7983d8656e35a3d39ed35affdd647380e114d,apache/ignite,2019-03-15 07:50:24,0,0,0.13,0,0.090782024
2a3355fbf3d16e98f46014de335c42b2685dcc77,apache/ignite,2019-12-26 11:01:46,0,0,0.23,0,0.45589453
fc69c33badb9ffcbc42a20f5ba92fc1d247ccc28,apache/ignite,2019-09-20 12:16:58,0,0,0.01,0,0.08352624
67acdfd181860ee2c488413b1aebf36867148188,apache/ignite,2019-01-30 15:32:23,0,0,0.02,0,0.21099529
88b299fab9a4f23281a59532d366699a2988f1dd,apache/ignite,2018-06-19 09:28:31,0,0,0.02,0,0.12949096
69ac976e67767d2f0a4aed76c0cb578fa19cf454,apache/ignite,2018-09-11 14:47:12,1,0,0.06,0,0.014310276
277a240967aaf590948f7c532dc3e2400b04016c,apache/ignite,2018-04-04 14:16:57,0,0,0.09,0,0.18401594
59bb3569977a74bd65dbab0ba901ff9f1f61d094,apache/ignite,2019-02-04 19:26:51,0,0,0.13,1,0.5336229
50213a0aede8eaa383a0af558d2cb14ce563aeb1,apache/ignite,2018-02-06 17:40:47,0,0,0.03,0,0.10793771
c83806bad48dd60a9ebd8dd1a88b28fdb31088bb,apache/ignite,2019-04-18 15:47:23,0,0,0.24,1,0.6230089
05f5c070e9ec1d00ace5f9ac7d5395d89fa36fba,apache/ignite,2018-12-28 12:01:07,0,0,0.05,0,0.02560421
84a40e53a971b7a96d9dd80b2a2c6873bd6e09e2,apache/ignite,2018-04-06 09:45:51,0,0,0.04,0,0.014409107
bf0a4f859dbeef067e83d3fc5a4c56375b89986e,apache/ignite,2018-08-03 14:56:05,0,0,0.14,0,0.3899037
6dbcf7e34ec3b1d3cd80fc83ab53a9959c3b1fe1,apache/ignite,2018-03-07 12:11:53,1,0,0.32,1,0.74293727
2cae870d702260e86808d75fabf8d77e0fa02da3,apache/ignite,2019-02-04 09:20:00,0,0,0.2,0,0.15896428
c48f3bc1046b1c496e0261edf7a693efc728b8f6,apache/ignite,2018-12-18 15:50:38,0,0,0.03,0,0.0599111
a1456032964e10fc7ac9967f8f0dca54e24beb5e,apache/ignite,2018-08-14 13:07:55,0,0,0.02,0,0.016896386
64d519b07489303df59d986dafcc165f92dd79e4,apache/ignite,2018-12-14 12:37:57,0,0,0.18,1,0.51543355
26698ed250471ff273cf1f10aac9cb35dacbce4a,apache/ignite,2019-11-14 10:30:55,0,0,0.07,0,0.1301059
6ab2cc38de6c6cdb466608fc7a92ed50bc1ddfb7,apache/ignite,2018-01-19 01:30:33,0,0,0.04,0,0.28963947
cf6ce6cfd97619e74b3e89cab3fb157d43db8c07,apache/ignite,2019-04-05 14:04:08,0,0,0.02,0,0.05000185
8dcd0f1d96dae965a0f5c479e6d0f4b4d50c6e2c,apache/ignite,2019-12-13 14:14:37,0,0,0.01,0,0.05254149
4ea443ceffa4445003aa5c8448017eb430cedff3,apache/ignite,2019-01-24 12:57:28,0,0,0.08,0,0.2716339
1ddd1e062aa86d3e11c641b0335b18b806b7eb16,apache/ignite,2019-04-09 13:50:02,0,0,0.01,0,0.035770923
34b86d3fe1477a6ff70572c9d9a5df5e95f59ee8,apache/ignite,2018-02-15 04:19:19,0,0,0.04,0,0.0042932746
6923bd8c9cbd8562459f84a3b86bc7760dd22aa7,apache/ignite,2018-11-16 19:45:42,0,0,0.13,0,0.006159688
34907a7e06af04521c11e178aff768e203a4e564,apache/ignite,2018-06-06 12:02:35,0,0,0.08,0,0.017229306
f00edeaefedfa48deb855ca61b75529b11c4c659,apache/ignite,2018-02-15 10:11:44,0,0,0.09,0,0.15784441
72eecac6989c005dc986dacd45e72943df3962a4,apache/ignite,2019-10-10 13:25:05,0,0,0.05,0,0.0094156135
2cad0ab39665b1d2cc1d4d3edf45e74699070411,apache/ignite,2018-05-23 04:50:00,0,0,0.06,0,0.01942463
d8c4eb00476e40db6c523fd7fe12b09f032f6473,apache/ignite,2018-03-29 12:13:08,0,0,0.16,0,0.4708323
b422ed47f01b9c04ce734213e54f7b7d11dffe84,apache/ignite,2019-12-13 13:20:07,0,0,0.08,0,0.012169167
165566501609dd38a040cc49a9465f147c44f505,apache/ignite,2018-12-13 18:11:46,0,0,0.29,1,0.54954976
8a2a3d66569df67cc5c9bb111a4744ff11444a7b,apache/ignite,2019-04-16 12:58:24,1,1,0.75,1,0.9314914
7ac82733bab40fbd81be18a4b1da93c9a13601ce,apache/ignite,2018-11-08 11:31:18,0,0,0.18,0,0.2732978
772c5cc0cea4391e1e50cec6b1dde86eed24b6e1,apache/ignite,2019-04-18 15:56:09,0,0,0.04,0,0.29149625
33b9611e72f03b2f6ec8c72600e7d42558a92339,apache/ignite,2018-10-17 13:35:32,0,0,0.0,0,0.053506445
7b4cc47693ff5e706892a44dbd8c3afdbff8c482,apache/ignite,2019-09-23 13:16:07,0,0,0.12,0,0.41137227
62e9bc8761057fed8ba0bdbd479a1a29ddf73d4c,apache/ignite,2019-02-14 17:53:57,0,0,0.15,0,0.25031373
c29be375c194c8c05638fe47b3c53f051e14cdb0,apache/ignite,2018-06-13 14:24:42,0,0,0.23,1,0.5826085
713a4289f206b14e86bd76de1976d9f9e602eff2,apache/ignite,2018-07-23 15:01:37,0,0,0.06,0,0.06365913
f8e15bb9bfd70ad50668c72cd76a848fd1f49279,apache/ignite,2018-11-12 08:30:04,0,0,0.04,0,0.16283393
fe35a64fb261068e9244bd24515cd4e91ee7ad34,apache/ignite,2018-09-26 14:02:49,0,0,0.06,0,0.02505185
46a84fddb701f8e26741ddaa1ee3ab3ffa2234c2,apache/ignite,2018-11-27 10:24:50,0,0,0.3,1,0.6285354
d633c26ebb2fca095ffe2b07dbddbab0349ccc9d,apache/ignite,2019-01-30 09:15:45,0,0,0.04,0,0.21319431
d0e26bebb42efb8bb49ef7c802fe086b06473c48,apache/ignite,2018-05-21 10:01:47,0,0,0.16,0,0.24190792
6ab54b5ba1647a7940dcebfcc94f22513232e381,apache/ignite,2019-02-15 20:29:50,0,0,0.05,0,0.0065789237
77215ebade5d7aefab4c1908f0fd399204966251,apache/ignite,2019-10-09 10:24:07,0,0,0.23,0,0.49601865
a79d1ec69b2e9c0ad738f87c68f81773a9a2f5ef,apache/ignite,2018-11-30 13:28:37,0,0,0.0,0,0.031028451
0a16208a87d4044391de7f2ce8fd497c9cd817b5,apache/ignite,2019-01-16 11:43:28,0,0,0.01,0,0.059092995
a09d1284a8f5cbaae7a8548af6c32ca422810035,apache/ignite,2019-12-17 13:09:21,1,0,0.31,0,0.41428965
d60025d88c2840470f3a6af39884cc112a7205a0,apache/ignite,2019-01-25 13:07:32,0,0,0.05,0,0.32892495
1599912004061b1c83ce055739feca156d8e1a48,apache/ignite,2019-12-02 09:28:03,0,0,0.33,1,0.53703815
e5685248dc7f53388cfd6a30c8ecd4c98e833c18,apache/ignite,2019-07-10 14:17:53,0,0,0.43,1,0.7609967
790fc419b164af3e8d500e17219dba9c44c8c8cf,apache/ignite,2019-04-10 13:21:47,0,0,0.02,0,0.039218258
bb87041f9e5aa4b7d43b21fa8b6f63fdf52e9cfc,apache/ignite,2019-11-27 12:05:27,0,0,0.02,0,0.04615064
a4686625c91d464bb07a4314a6f167c85a439c6d,apache/ignite,2019-06-24 10:13:29,0,0,0.0,0,0.0035012602
e24c1c0815a5e7f8c663ffefbf844c42c7d19e15,apache/ignite,2018-02-28 12:24:29,0,0,0.33,1,0.5523538
5d63d7f44c343c72deb4ff1b3f5a41362646f1a4,apache/ignite,2018-08-17 14:10:04,0,0,0.05,0,0.17176023
656b2f112c9949b8d9bd101ec0012c9c5968818d,apache/ignite,2019-04-10 10:34:10,0,0,0.01,0,0.00548757
225d8729cef5516a99a92ffc40d41a30ee0fc194,apache/ignite,2019-07-12 10:36:04,0,0,0.09,0,0.24132179
94e8dc4dbb8667cc0dbe34376d42ca1b89410c9e,apache/ignite,2018-09-18 13:02:39,0,0,0.11,0,0.33607534
9f3b9154ee0cca6d0fcdb372552d637477219b51,apache/ignite,2019-12-05 16:03:10,1,1,0.66,1,0.9238959
631d3a621222443cebbc71def35b72e48f0d0115,apache/ignite,2018-04-19 14:53:26,0,0,0.01,0,0.122526795
8b52ae94e49e8d6616aa8f6aba694b62557598aa,apache/ignite,2018-02-05 13:58:26,1,0,0.48,1,0.90493774
00bbd8eae84a0b37d585b5b384729bf7b3440a66,apache/ignite,2018-08-03 07:32:03,0,0,0.05,0,0.06897053
ab7f4a54d8f6400432f343bf1ae0a564d11b59e3,apache/ignite,2018-12-14 15:10:37,0,0,0.25,1,0.67444915
d04d76440ce86873de7aebc8c03d39484cd1e3e5,apache/ignite,2018-08-13 10:07:28,0,0,0.01,0,0.05385804
1415c6100b7dce7d13f5323a1faf3fdd7c5ae2d3,apache/ignite,2018-10-09 12:30:57,0,0,0.06,0,0.13562426
82554dd766fc6de77331e533be6d0b7040d2c90a,apache/ignite,2018-01-23 11:24:37,0,0,0.01,0,0.03854044
984998763a4d501431c5de00e83dcbae88f728b6,apache/ignite,2019-03-25 08:17:32,0,0,0.03,0,0.0052834083
0010cc2af4c2823a4d3bc3e4f379a063d4a60c27,apache/ignite,2019-04-08 17:59:12,0,0,0.23,1,0.538302
7cd2a557f17eb7775f5f01b9f6d3c62b2b451cd6,apache/ignite,2018-05-17 16:52:03,0,0,0.4,1,0.6692592
5b2948bfc2d78eff04eb4d30425c8d18d6e6e26b,apache/ignite,2019-07-20 09:07:06,0,0,0.13,0,0.05006125
64e0e69a542dff79c7abf5f46193a6eaa3b5485b,apache/ignite,2018-12-18 13:22:45,0,0,0.03,0,0.0029667926
8dab44c5d7f166140239f558a94c1c24e837af6d,apache/ignite,2018-03-29 12:56:16,1,0,0.33,0,0.44932988
35882c5d02d32772e31f8af8939bedb055026ef0,apache/ignite,2019-01-23 11:32:12,0,0,0.25,1,0.66404647
34e22396c985fe6f62b7f6e61b694ce08b409412,apache/ignite,2018-04-26 09:55:29,0,0,0.07,0,0.2818392
52991f0663463bfb7e4de5d02565648527956743,apache/ignite,2018-10-12 09:06:17,0,0,0.3,0,0.39463955
e16a6e16a0de021aea4a2ee286c03c0ece3ff1af,apache/ignite,2018-12-11 12:20:43,0,0,0.03,0,0.48598373
0c125f635e62ce4b7801798e703895d610245bbf,apache/ignite,2019-09-06 09:22:04,0,0,0.05,0,0.36145374
51dd7028855029c2b0867357dfc0afeeb03fa2dd,apache/ignite,2018-12-14 11:30:22,0,0,0.15,0,0.3700754
457213713a442b734cddb59c1c8310fc6d9cd340,apache/ignite,2018-10-02 11:27:39,0,0,0.1,0,0.057510648
ae7357ba24518795873174e8c914fc4bdab39986,apache/ignite,2018-06-06 12:28:53,0,1,0.53,1,0.81274575
d8e46de2899b35fa498310a31705e6a9760a84f3,apache/ignite,2018-10-30 06:33:13,0,0,0.36,1,0.7626654
e76fcb4a538aece58498f43d7e82b2054ca96c51,apache/ignite,2018-04-17 08:22:14,0,0,0.11,0,0.19312498
7920646937c877e6c7d79b398481af3689f222a5,apache/ignite,2018-11-29 09:59:43,0,0,0.05,0,0.014169289
475a0a71500dc4f638100f3ec0c7f8029db42f4a,apache/ignite,2018-11-23 18:22:12,0,0,0.12,0,0.48845938
929fbb5e1abd2c5da172500c46d569369bf431cf,apache/ignite,2018-12-05 10:07:38,0,1,0.87,1,0.9840014
3479460b6fcf8a77c487d14e15f044aa2cbffef7,apache/ignite,2019-07-05 13:37:01,0,0,0.0,0,0.006227702
e1a2cb912cd6f5f689f8ab0058488a9dd489c49f,apache/ignite,2019-04-03 10:28:11,1,0,0.09,0,0.33383614
6136ecd1a92cac26894c74a306b3df6d5646c524,apache/ignite,2018-01-11 13:48:43,0,0,0.04,0,0.024547076
dd5d9f3ab0d853ab80487c01c702824851a4ab4f,apache/ignite,2019-11-12 11:02:16,0,0,0.06,0,0.20519966
973541ff27fd742853015d79807ce0c54d6f3c2b,apache/ignite,2018-02-20 14:48:04,0,0,0.07,0,0.13834788
bb3bbb930cf22d662cc8d463f546d2c5ab593d81,apache/ignite,2018-11-13 17:56:19,0,0,0.01,0,0.0063892044
5cc41df7ac33ce4664f7db1c1cf8b3cf33d71cc8,apache/ignite,2018-07-04 14:11:00,0,0,0.38,1,0.62102574
0fddf1a8b46482e3d0016b48e2cc9ba4bde026fb,apache/ignite,2018-12-25 11:01:50,0,0,0.04,0,0.18504474
2cccfae49106f36a4f0b2b52a81889a295f52677,apache/ignite,2018-08-31 12:47:16,0,0,0.22,0,0.3364434
fec34ea7141d4741d8b19023288020b168bda155,apache/ignite,2019-04-03 11:53:34,0,0,0.01,0,0.13003778
c661963784fe3a15b9404e10da37df015acc95ab,apache/ignite,2018-02-12 19:30:22,0,0,0.14,0,0.054896273
21d780d6062dc267bc16cd8558b404e00a1c0e5e,apache/ignite,2018-06-15 14:12:09,0,0,0.03,0,0.045831814
affddcb05bd9512eded36a86f6a4b78af703c360,apache/ignite,2018-04-27 18:43:15,0,0,0.43,1,0.8270932
14402e4030cf0257b72c636894f140f346266299,apache/ignite,2018-04-11 13:44:33,0,0,0.01,0,0.052173328
acc1024158ef600cdb078b0de8a9859beaa8b330,apache/ignite,2018-11-26 14:33:30,0,1,0.64,1,0.9472569
ae69b1a2a0e3507c951bb2c470da3104bb0d7be7,apache/ignite,2018-09-21 12:56:26,0,0,0.02,0,0.2476808
0c3a7a698e309ae8c524e3b2343a09ea0beed1c3,apache/ignite,2018-05-25 11:48:04,0,0,0.19,0,0.41807875
8db0d40ff96836b9b1f522311a10eac69fdb6c66,apache/ignite,2019-04-05 17:50:57,0,1,0.65,1,0.87108123
25503ba1e36a2207469f0bcc91d9000607491926,apache/ignite,2018-04-23 09:32:18,1,0,0.13,0,0.350858
0f12d3140a78fa9634c93fb2f73ada8d1b978f49,apache/ignite,2019-06-10 08:00:12,0,0,0.33,1,0.7079622
3ad2034c0473e02fb8c7142cb9b2f7b74ecccded,apache/ignite,2018-11-15 17:05:52,0,0,0.12,0,0.3210512
77d21eaa367ea293233078e85ed0c967dc2b6ee7,apache/ignite,2019-12-24 07:32:35,0,0,0.29,0,0.2291487
411755620215dd03ba5422d27ab420f92531b12f,apache/ignite,2018-04-28 13:37:57,0,0,0.04,0,0.0788263
23b6d58bdd92f1b499762ee296d7d9a96ea8418f,apache/ignite,2019-04-13 19:34:52,0,0,0.01,0,0.11847018
2b9fc2ebc8b163773ce032b8eca1de17c691ddcc,apache/ignite,2018-08-30 09:39:22,0,0,0.01,0,0.012788303
51d36e8f61ec8def62d22e8fa7928152f4f3e4d6,apache/ignite,2018-11-29 17:31:47,0,0,0.02,0,0.0384404
003c41e9804f81031893ce65cb258ab634ab4c2c,apache/ignite,2019-04-03 10:57:46,0,0,0.11,0,0.41697294
9419272a052db54081699d82aa9197496de8feb5,apache/ignite,2019-03-25 14:21:18,0,0,0.02,0,0.076718666
73902a237f7d3d0272ec535bc8d59f24684d0f1e,apache/ignite,2018-05-14 14:20:33,0,0,0.0,0,0.039523788
2026cf75dc58f674e7bca890334eb77041e0afb9,apache/ignite,2019-01-11 10:56:16,0,0,0.27,1,0.7185977
f427b9d86777800e9c701ebef28714e805e032a3,apache/ignite,2018-06-22 17:38:45,1,0,0.15,0,0.36544555
3f19e67b5cef803d7fb1055503fafb71b2ab7181,apache/ignite,2019-09-18 09:40:21,0,0,0.09,0,0.19070397
90c0af887508ebace570cd13e7cf6b4369a995dc,apache/ignite,2018-03-07 17:17:20,0,0,0.09,0,0.2624758
cd5b32bb064b1aafcb287783c00b607c407780ca,apache/ignite,2018-08-13 17:39:43,0,0,0.02,0,0.091843516
41f769e80222e73482c9f78c6121b3b91e5ec396,apache/ignite,2018-12-13 18:08:23,0,0,0.01,0,0.012175979
1392332d84a1fc21700292ef4d16d028b23f01de,apache/ignite,2019-08-11 22:43:58,0,0,0.1,0,0.16437958
492d4118e715745eaabafdd9d50e4abd26ed34f2,apache/ignite,2018-05-10 15:12:41,0,0,0.45,1,0.9065361
962d6a29716195c13519ca48b6d79f3b8541653c,apache/ignite,2018-10-23 08:16:40,0,0,0.3,1,0.6691604
f623478228f0000d7a88a56c3e280c7f97db858e,apache/ignite,2018-08-30 08:35:53,0,0,0.15,0,0.44700575
0829397f825493f778d4b62bf09069fbeefa34cf,apache/ignite,2018-04-06 16:22:07,0,0,0.06,0,0.3171419
9557f6dcbbe5d86d892ffaca5a9bb66cc5401e84,apache/ignite,2018-04-16 15:45:11,0,0,0.0,0,0.0028850068
2c78ad25c0cec6c4962f1fb425c43d5a41102f9d,apache/ignite,2018-10-16 13:53:57,0,0,0.02,0,0.0058554458
224e747f42a1804ab8c6ee1796faff2a601f607e,apache/ignite,2019-02-14 10:53:10,0,0,0.03,0,0.098568544
736c133a5516a31eeea0842dc9869ca319f640e1,apache/ignite,2019-08-01 16:44:24,0,0,0.02,0,0.06841375
79f2e7c2c44a1b002472f0ac401ca3dc7eb4e776,apache/ignite,2018-07-25 13:19:11,0,0,0.0,0,0.008518311
cf7003cd3272c38685f482a9635a9abe2d9a13bf,apache/ignite,2018-12-13 17:57:24,0,0,0.01,0,0.02943011
2439ade4d69c1904947a14b1c965235cbce4d896,apache/ignite,2018-11-12 15:27:02,0,0,0.0,0,0.0016976407
6e4ee64ad7ab9e936378c8d52f0bc7a138964d66,apache/ignite,2018-05-07 09:24:46,0,0,0.03,0,0.048079725
20571410eaf1776b532ea686be464f0b2a831813,apache/ignite,2019-12-10 09:22:22,0,0,0.03,0,0.07014958
d244225fb3497495f246c011cce87ccfc8693f5b,apache/ignite,2018-11-14 16:45:24,0,1,0.63,1,0.83031535
a3660601d5af319dfbcaf280e536624de4ee2d0b,apache/ignite,2019-10-13 13:36:36,0,0,0.25,1,0.62324923
cb38b5d196c7adf27f5e727de039bfc8604abf82,apache/ignite,2018-07-09 21:04:23,0,0,0.05,0,0.02904408
1396626ca0e8845108aa55caa3dc60fba3a2b998,apache/ignite,2019-02-07 13:13:35,0,0,0.04,0,0.055700306
b0199783902c605f55b84a2cce10e2091ad164cc,apache/ignite,2019-03-22 15:44:55,0,0,0.08,0,0.25084168
9a1a830a8af1b1b9ad882f58c69b28488a3a3a1f,apache/ignite,2018-12-19 13:41:05,0,0,0.09,0,0.0737045
b62fc1e656ac788cfd86c4d39e762f1dc54af2dc,apache/ignite,2019-02-18 00:42:24,0,0,0.12,0,0.35151225
a69e6103789c38caf5328af9fde64ac2549735b1,apache/ignite,2019-02-19 12:59:13,0,0,0.12,0,0.12839451
952cf2e48e0a33cd7660f4bfb6152a652a00da23,apache/ignite,2019-03-19 06:46:42,0,1,0.54,1,0.85693485
6821ef9bf8206fe4247127edc018ba9605a29289,apache/ignite,2019-01-30 12:53:16,0,0,0.26,0,0.44983137
8bd9575788545f724b9cc514e2e5fb8891313950,apache/ignite,2018-10-29 13:53:06,0,1,0.57,1,0.76928765
9d9c237d0bc7ef16b3405a6cef77ab7c8dee12a3,apache/ignite,2018-09-21 22:44:26,0,0,0.05,0,0.10567312
0e29b873b8c13ba3bb3dbb1307567eaffd41e3b4,apache/ignite,2018-10-01 16:31:18,0,0,0.11,0,0.033721223
5feb39c621cbe5942eb0514439b942e67c7a9cb0,apache/ignite,2018-05-17 09:18:45,0,0,0.36,1,0.7827015
095f564a9a71f7ce9f27044f7a8ad5aeef8fcc94,apache/ignite,2018-06-06 18:09:25,0,0,0.02,0,0.17766707
c711d4f6f7ecc6ad59643a2a82d7d487d8d45a90,apache/ignite,2018-11-19 14:02:48,0,0,0.16,0,0.07223604
deed87f5aba3844236111b097c5e6347fd10b6f2,apache/ignite,2018-05-04 15:52:06,0,0,0.14,0,0.15278941
9b674ed9a7339678e766965fa86b1c727e9eff01,apache/ignite,2018-12-14 15:46:58,0,0,0.36,1,0.5692007
a7eb5cc243c89c9e4ccc807bd0a3db1c66f3f599,apache/ignite,2019-02-05 05:46:19,0,0,0.15,0,0.14876902
ad2f58ec7b54b52f56a7a3785d33a75a98d04627,apache/ignite,2018-09-14 17:12:16,0,0,0.05,0,0.1884988
efc6b96578dc0b2b153a7ee60b0f4aadcab43fd9,apache/ignite,2019-02-28 13:02:53,0,0,0.01,0,0.0077109924
46ff2683a56f0f5c828cd57fc8f991b4becab3ef,apache/ignite,2018-12-05 09:34:39,0,0,0.13,0,0.2817524
2e9ca8f144c949faf799f2f338a0e63ed12f5483,apache/ignite,2018-08-15 15:14:29,0,0,0.07,0,0.11094709
219c983122c513ec64cd5b1fc416388bb14c544c,apache/ignite,2018-07-09 16:22:15,0,0,0.28,0,0.47672075
0bb7c170cc0faf41e69d5bbef9e1fbac80a933e2,apache/ignite,2019-08-01 16:13:07,0,0,0.04,0,0.038246673
c50b3c24ae1cf23e97b6ed4911fab25eff338222,apache/ignite,2018-06-05 08:28:43,0,0,0.06,0,0.072629966
8d863555d38dc3f327a195f51aec1bd2eacee411,apache/ignite,2018-08-03 14:36:49,0,0,0.0,0,0.09665445
6e9ec03659e5f35c0f18605079fbced1e42ad130,apache/ignite,2019-05-22 08:33:52,0,0,0.0,0,0.030290345
0274af8d81b7c696e67235620fa192201d7d0c77,apache/ignite,2019-02-27 15:37:06,0,1,0.53,1,0.852866
bc7814ef31df1ffd71b4aad1df675a62f0d88136,apache/ignite,2018-05-04 14:56:00,0,0,0.02,0,0.025807338
57aecd7ab2bf5f0836aabf40e4b4051fd07228d2,apache/ignite,2018-04-06 10:49:10,0,0,0.0,0,0.0031144917
e539dfc19b3c3ece41bfec39dff6506b54d4a0d4,apache/ignite,2018-12-27 10:36:29,0,0,0.01,0,0.084164046
9c721f7f053f80558444fb38fe638c50018dabe3,apache/ignite,2019-04-05 10:17:34,0,0,0.05,0,0.18873654
6b5a70bae5c722d0779c7087e422f61a276dca86,apache/ignite,2019-02-06 15:19:38,0,0,0.2,1,0.51543725
b209805b3f00cea4b514172536401d8424a74fc8,apache/ignite,2019-04-18 13:52:43,0,0,0.13,0,0.121492036
54e936972574a9dca8adc3d4777e8274fdc2e106,apache/ignite,2018-04-03 15:15:27,0,0,0.01,0,0.1744965
6b5658b2e303782c61752c93ccf7f1b99ceaf280,apache/ignite,2019-03-26 13:20:13,0,0,0.28,0,0.31215912
c57488acd3dc42f1ad93bf235026217358cc5442,apache/ignite,2018-04-23 08:04:28,0,1,0.63,1,0.8462097
635e9a69720f882ff5b5786c4d9e608f78c2defd,apache/ignite,2018-04-05 12:43:44,0,0,0.13,0,0.082488686
f9945171dadb72ae276c1535c65bd16ac2a2b14d,apache/ignite,2018-11-12 13:02:37,0,0,0.05,0,0.14346996
f3e481f9dcc6d533fa83d08aef84d6211051792f,apache/ignite,2019-04-05 11:45:15,0,0,0.17,1,0.7214616
bdcbbeee1a6f6fefdc97c2891d55f7d1fb849470,apache/ignite,2018-02-12 15:53:30,0,0,0.03,0,0.028964417
dfaffe2af8f5e3b51eff3cfe426733311c2c100f,apache/ignite,2018-09-04 12:55:41,0,0,0.18,0,0.37589964
349846c8cfab40fe0c746a789ccc018f3b83c906,apache/ignite,2019-12-24 12:04:27,0,0,0.39,1,0.5750091
098b03b92c5abe40571e690a240e8153dd8054e4,apache/ignite,2018-06-19 11:37:50,0,0,0.01,0,0.02262853
ee5a8f321ebef44e34fb8074944a84872d932fea,apache/ignite,2018-12-05 10:11:17,0,0,0.16,0,0.19333811
9f19e0160b1ca43a27908849ad46c65ebd8689f1,apache/ignite,2019-07-31 17:00:40,0,0,0.0,0,0.025546541
ecf750fcd07e051c6a5859f933cd0e6ace518242,apache/ignite,2018-11-13 07:46:52,0,0,0.12,0,0.11238444
2f2fa8b345c9705d0bf3109f3a2478fa616559ca,apache/ignite,2018-01-04 20:26:10,0,0,0.25,1,0.6210037
010f53822f8210990a0fc9a8b59011af10bc4dae,apache/ignite,2019-04-18 11:30:19,0,0,0.49,1,0.8427283
3fc5d578db37d0d1e61daff0cdfc3d71729ffa41,apache/ignite,2018-03-31 12:58:25,0,0,0.01,0,0.06954807
01c45aad5b19c29e810eb6373d53019d1f7d220d,apache/ignite,2019-03-29 06:17:02,0,0,0.05,0,0.122720055
ff7c4888f7d24c0d90fb77f3da6ecbbbe06039e4,apache/ignite,2018-04-21 18:23:21,0,0,0.07,0,0.11540382
08025a3358609f1d052b0bc14fdf3f125f0adf1f,apache/ignite,2019-02-12 15:45:02,0,0,0.04,0,0.058245674
c6ab036dcdb5a190b8577c938dbc420ec030c7ad,apache/ignite,2018-04-13 17:27:15,0,0,0.07,0,0.05071615
498712bf77442ca0356fdacc8b8e24a89d0bb696,apache/ignite,2019-08-12 11:53:25,0,0,0.06,0,0.41215515
23e5da4a4ef55568ad866bcb9127a7f22d5db02d,apache/ignite,2018-09-27 13:29:33,0,0,0.05,0,0.04720777
21d2f6839a0e35f234b2de5b5157d49bdfe97aa7,apache/ignite,2019-09-18 17:08:06,0,0,0.0,0,0.041247174
a1922d7e2406da7bfe561b838f01d98aeae1e1f1,apache/ignite,2018-02-05 15:08:45,0,0,0.05,0,0.05819281
7e6fc787d086d41406e4bede0854103985b0a152,apache/ignite,2018-05-03 17:46:57,0,0,0.03,0,0.008224907
95c6c28a39d021f1a9e4843afa08dcb236cde33d,apache/ignite,2019-03-27 11:54:19,0,0,0.3,1,0.7075657
4eb657b0153246666a3ed4de6f523eb9e4af2bc5,apache/ignite,2018-08-24 13:42:07,0,0,0.33,1,0.6141973
99b1e2aeb188cdd457b31a24f791a31d4a0abd3b,apache/ignite,2018-09-26 15:25:33,0,0,0.16,1,0.5595348
45c4dc98e0eac33cccd2e24acb3e9882f098cad1,apache/ignite,2019-03-04 09:29:52,0,0,0.21,1,0.66976315
664fb93da2cd753a92e4f70e7e06d40281d23e7e,apache/ignite,2018-12-19 12:10:46,0,0,0.03,0,0.012086213
a3093358c8c71d4f7fb5e3053abc62c3ae7357cb,apache/ignite,2019-04-01 13:40:24,0,0,0.12,0,0.27108398
01e601ddd40e54e84b668081d725fa716118fd02,apache/ignite,2019-02-22 13:07:49,0,0,0.33,1,0.68986654
99fbecd078b27aa19db45eaaa38135043f36bb4e,apache/ignite,2019-07-22 19:32:16,0,0,0.16,0,0.47745347
a05f78f5e36ef6be8418e73eb59e557f8cba39e2,apache/ignite,2018-06-06 09:52:12,0,0,0.16,0,0.18464443
b94efd5114467075dcff057a2c896491976c617b,apache/ignite,2018-10-25 13:50:56,0,0,0.07,0,0.34897482
e0c034ea1d7abc6202cdbfa4f7113c7f6a1164d2,apache/ignite,2018-08-23 17:44:39,0,0,0.06,0,0.04447328
08a700db31604d33959e3b5aa3f709dbf66a878b,apache/ignite,2018-04-12 18:23:28,0,0,0.01,0,0.14194283
9862dbe03b733523cd3ead8a8c94bd800afe40c4,apache/ignite,2018-09-05 08:29:01,0,0,0.49,1,0.7925982
e2ff347eaaf6a17dc8754fde1a5251967dcff124,apache/ignite,2018-08-28 08:03:57,0,0,0.13,0,0.13119276
0b394056b35e1874ef99f712462b5f16537751a8,apache/ignite,2018-08-02 13:09:16,1,0,0.48,1,0.8483706
2ab10caaac71ea0de7caecbead686b37b980cc48,apache/ignite,2018-02-14 11:57:49,0,1,0.61,1,0.90895486
a9b65d6e4a86e00876fdbfc17a13ceed718c21e7,apache/ignite,2018-10-23 21:52:28,0,0,0.03,0,0.11334129
2f3b567f61c2a9a1080ee7fda57f3a18231b1dae,apache/ignite,2018-09-28 15:50:05,0,0,0.3,0,0.3416613
4800b8729565728877d31b6161a19fe1632225d8,apache/ignite,2018-12-21 11:43:21,1,0,0.42,1,0.5159399
3372590f9906519f601cec7546e637394ce21688,apache/ignite,2018-06-05 15:49:19,0,0,0.17,0,0.34333664
35706b94e4d714f426eee12cd2c3d9a1e8452dad,apache/ignite,2018-09-04 15:49:06,0,0,0.04,0,0.019261518
5f23f85a60e3e902d9b4014839fdeb8791e9ce5a,apache/ignite,2018-01-18 18:25:05,0,0,0.0,0,0.035618056
a6f444cf06619720479611e1759115d7d672fa42,apache/ignite,2019-02-12 13:23:23,0,0,0.03,0,0.06695955
7ff040438319b55fd81c467bacb644efa3afaf92,apache/ignite,2018-12-26 15:44:59,0,0,0.23,1,0.66080105
47ca3e0da7fd7468d7ea96ff512c3d1f3ed5bf81,apache/ignite,2018-04-12 17:18:10,0,0,0.3,0,0.3806706
47693b61ede12f4b94cb42c51e1cc67cd82bff8b,apache/ignite,2019-03-26 13:34:05,0,0,0.02,0,0.027911134
59a7986be1964c960468440e1daf41eea06a0c2f,apache/ignite,2018-11-13 17:25:11,0,0,0.01,0,0.010130728
00b58c04098f02e8f65caed6ad8859da1348a1c1,apache/ignite,2018-12-14 12:52:01,0,0,0.23,1,0.72916645
1cc3332668965465e5ed7844bbe859d8f3a40b31,apache/ignite,2018-02-14 07:52:05,0,0,0.02,0,0.21295367
ea33ec7f0af8fcad113cd92953fba0e8e5502dfa,apache/ignite,2018-11-07 14:41:35,0,0,0.48,0,0.48079592
042b497b8cf0e6bbbeddde4a8dba97cad27e4594,apache/ignite,2018-02-13 13:43:49,0,0,0.07,0,0.04944697
b04b14bbe6bb173391507eaed2de28997b180485,apache/ignite,2019-10-15 15:01:54,1,0,0.15,0,0.087964214
c0cc7d78e2a7ef92b9341edc4f7be970b3003be7,apache/ignite,2018-07-03 10:33:40,0,0,0.14,1,0.56345147
709612489b05d5b7924046f4fe8b0c0b78898aaa,apache/ignite,2018-11-02 13:40:58,0,1,0.55,1,0.68996674
d632eb6f8d5f0f23111042dfab3274ed20052a4a,apache/ignite,2018-08-02 11:19:47,0,0,0.08,0,0.4720467
bc807e87d2cd04641582d190d9195c4e49f38567,apache/ignite,2019-09-30 17:08:18,0,0,0.06,0,0.020947753
534278946dd6f55809e9dc6b19633b6a67051d21,apache/ignite,2018-08-15 14:16:06,0,0,0.22,0,0.10051435
dfef77e59a6f1fe3d8a908f9ff1390e776addcdb,apache/ignite,2018-12-27 19:29:40,0,0,0.16,0,0.385799
d2f71c6211ab48228cebbf59976b056dfcbc8d9c,apache/ignite,2019-04-06 07:42:52,0,0,0.33,1,0.81996167
55703eca10c92b77215fc8c5adbf1ac53377da70,apache/ignite,2018-08-16 13:41:43,0,0,0.2,0,0.40583032
7b638a512792d9c6ed579cea060a45e745d8c296,apache/ignite,2019-06-05 13:48:13,0,0,0.03,0,0.094592765
d8fc15bc25dbdecd333816f27d6639ba13cebd19,apache/ignite,2018-04-02 08:35:20,0,0,0.01,0,0.004282369
417fe7f183734f99c0786f89c31e12295d08a933,apache/ignite,2019-06-18 08:55:21,0,0,0.09,0,0.34607604
67c2de0dcd57b8274997e325ce893df048394370,apache/ignite,2018-01-10 10:34:46,0,0,0.05,0,0.13503167
48be97351c4904dffad23af5331aeda408969a15,apache/ignite,2019-02-22 14:17:21,0,0,0.14,0,0.206316
67d4941f349e2a4af9ae5d04bc12d5f56b94a952,apache/ignite,2018-10-25 11:40:49,0,0,0.02,0,0.09173773
ff6b8eed8401590792b1d11b91b0039ddd03f958,apache/ignite,2018-12-04 11:57:31,0,0,0.01,0,0.01651224
84a8e8108f973719f1f05e41818ec3ac93312d1b,apache/ignite,2018-12-18 03:54:36,1,0,0.38,1,0.8264399
6d88e3731d38d79f8c200662cadd6e9297dfb18d,apache/ignite,2019-04-10 09:16:14,0,0,0.07,0,0.051533572
9137af73ef20228ee98e4bc95a8ccb15dadd0010,apache/ignite,2018-11-26 11:10:51,0,0,0.43,1,0.5767083
610b96ddd1352ad645306b2bfae50107e8ee8ab1,apache/ignite,2018-10-25 12:31:57,0,0,0.17,0,0.2299961
3110d7230182ef61222b74b1a7123c45ef646775,apache/ignite,2019-09-11 17:31:54,0,0,0.05,0,0.09457179
b324c049a96ced7692cff4b7ea0e4e549fcfed73,apache/ignite,2018-12-25 11:01:50,0,0,0.24,1,0.64451283
68374ad52eede916129b82ef769e680ad2bd1a70,apache/ignite,2018-08-23 05:37:28,0,0,0.03,0,0.09711753
557e4e86b2c7e42b09dfd240022c0cf19953ff5a,apache/ignite,2019-01-25 11:25:38,0,0,0.1,0,0.37591204
76b4a112ce4c035db83ab43b7e2f66973d15eb62,apache/ignite,2019-07-23 19:16:00,0,0,0.09,0,0.076095894
185035e5d5267d64058671f0e68e6b9081dc1a89,apache/ignite,2019-04-09 07:39:26,0,0,0.06,0,0.1850881
f148946517fa476a2ba0b45a15075a864c3a15f6,apache/ignite,2018-02-22 17:46:50,0,0,0.14,0,0.27468574
a3b624d9f34012eab1711dac14dc71af3c5bd9c4,apache/ignite,2018-10-18 16:08:44,0,0,0.01,0,0.021696469
d0c7925ac09b04bada1f8656b6397b4d97d41e4b,apache/ignite,2019-02-11 16:17:17,0,0,0.08,0,0.11743257
ea1c4b4c32241f7dfb6f71030d2c1d4a8ea811fa,apache/ignite,2018-02-12 13:34:24,1,0,0.34,1,0.76266056
08fff5e71309d4c6bdf295f0d6bc041a30753de5,apache/ignite,2018-10-08 02:47:00,0,0,0.05,0,0.10107069
b6d21fb7d258f4b2b7d705be92a4f9c83e045135,apache/ignite,2018-02-16 13:29:49,0,0,0.06,0,0.23673406
63dc75b85b12f1c7bea796714c1e88925c16b1ab,apache/ignite,2018-04-17 13:25:37,0,0,0.13,0,0.045918148
ad99fbae735307e56ea6c78dcbd88fa1454ecee2,apache/ignite,2018-10-27 08:45:32,0,0,0.2,1,0.5529339
feb1abcc8b2583aa215ca93c4436d9aaef95b5f3,apache/ignite,2018-09-19 08:06:16,0,0,0.18936302142051858,0,0.45231307
58150f8fed16255a48b2d110ce81afd02189d73b,apache/ignite,2018-09-19 16:05:10,0,0,0.03,0,0.30848587
ff8780405c27db6be409934246a68cffbae8cf61,apache/ignite,2019-08-27 14:36:45,0,0,0.14,0,0.3672741
19060028185a82878891768ec34adc553384ef5e,apache/ignite,2018-11-27 15:45:28,1,0,0.49,1,0.77933294
f4646e44fe347711801ba48f318b00337a8a2780,apache/ignite,2018-04-24 15:22:52,0,0,0.32,1,0.68647313
58a4322c4f15637cff3acb10fbeecdaefc5db902,apache/ignite,2019-12-26 12:17:11,0,0,0.0,0,0.03376062
0691347ed789f6c876681ba50356bdc5b8aa5ff4,apache/ignite,2018-03-05 03:25:02,0,0,0.04,0,0.01683507
963e2c2abaabbd9a098cd74c967f9f59d58de2a8,apache/ignite,2019-02-05 12:03:43,0,0,0.04,0,0.16443388
f3084d3ce17c56c46b083d5c6f65c3dd03229e72,apache/ignite,2019-08-13 12:43:22,0,0,0.09,0,0.23519537
223291be5e2fdc3294054914b51f10af2da085ff,apache/ignite,2018-10-30 11:38:40,0,0,0.02,0,0.17560858
43c7ddad85edd687a62032b732b33593b8322572,apache/ignite,2018-01-10 14:51:51,0,1,0.71,1,0.92070496
c48719c82bcd1a8854595292706944f4547f6974,apache/ignite,2019-04-09 13:27:07,0,0,0.0,0,0.021149043
dec87bff617fea241bc7426d19335c465858b946,apache/ignite,2019-12-20 11:06:22,0,0,0.13,0,0.11057852
781d4e7812d0eaf789c287ba69374d625a13e32c,apache/ignite,2018-10-27 14:55:54,0,0,0.02,0,0.053257827
b0e34f08d9db713b253657aeda10f087e1f15e84,apache/ignite,2019-12-26 11:24:06,0,0,0.08,0,0.10892017
d9fde7ee1562a84f26e92cd94dd0ac09738414ff,apache/ignite,2019-08-06 13:58:26,0,0,0.37,1,0.73997617
2a0e3542604ec5ebca24587835f4c2e8e4c0a3e3,apache/ignite,2018-11-29 19:27:01,0,0,0.18,0,0.44360417
ffb187594bedd7e1bae618063f8bfba3b453b84c,apache/ignite,2018-12-14 11:27:46,0,0,0.19,1,0.5640671
db0e507e824895daab2568071cb4c8142b2275e6,apache/ignite,2019-12-24 12:27:34,0,0,0.41,1,0.8705576
cfa12b19fac4d77f053e6e4f2997fccb5a007095,apache/ignite,2019-03-06 12:48:36,0,0,0.31,1,0.6290277
390c6a8cc94b9cdbaeaf3623e81f2c85a5222d45,apache/ignite,2018-09-17 13:07:59,0,0,0.09,0,0.3227168
0a92af510cb7196dab39df59feece263332ec90e,apache/ignite,2018-03-19 23:16:47,0,0,0.09,0,0.07785355
32fe1f0f215a8e9a0b7caec567a681d157630f1e,apache/ignite,2019-10-31 12:20:56,0,1,0.56,1,0.58508974
ac3714ef2bce71f0016e4535e9fef44c31b537a7,apache/ignite,2019-07-23 08:27:15,0,0,0.32,1,0.60735357
abd94fd5db3b7f349fc81af8074b2e777f4c5053,apache/ignite,2018-12-01 08:41:07,0,0,0.25,0,0.43576026
3b9c415ee2c4b6461c18f87f46f1950f324f5662,apache/ignite,2018-12-25 16:45:30,0,0,0.05,0,0.009521034
64c9f502a6c893aefffe82b27aa50ee275265953,apache/ignite,2018-02-09 11:08:15,0,0,0.04,0,0.0038131026
ac3d545045037446014b66108364bbef39362847,apache/ignite,2018-03-13 12:46:36,0,0,0.13,0,0.48281714
3425c8cc6a4e1d8d9183a31f1cd88b8a17babcf5,apache/ignite,2019-12-25 17:28:52,0,0,0.06,0,0.14379373
665aa9508687e0c37fa81ad0832b60d0e2b7e7b3,apache/ignite,2018-11-15 14:08:00,1,1,0.97,1,0.9940141
d7723dcc4efd668efc47ecbcd50661b096e3501a,apache/ignite,2018-07-11 13:25:52,0,0,0.07,0,0.15479699
7acf4e5bd6b9ba91367626684be27ca50d25aae6,apache/ignite,2018-09-18 09:46:41,0,0,0.02,0,0.15123327
f10177b83fa8e5f52ed68cfb63a1fce9a6aacfe0,apache/ignite,2019-04-09 08:58:40,0,0,0.12,0,0.3608438
9f5e95495a8f1f3084edcb108ace23eb6dc11621,apache/ignite,2019-08-27 09:46:14,0,0,0.25,0,0.16467932
9a2fb4c18ea2a94baeb335ffebeaa109691dd199,apache/ignite,2019-02-01 13:53:48,0,0,0.1,0,0.36384636
e59ecc229f41772f47abe710b0fde8e826b6699a,apache/ignite,2019-01-30 17:14:50,0,0,0.0,0,0.00288939
5fc18e6f1f81643747bcc8d5ef8ee4fe47116763,apache/ignite,2018-08-01 20:51:19,0,0,0.0,0,0.024825163
bbd325566cc4066ebd70b58278ab33052fb5e436,apache/ignite,2018-10-10 14:06:16,0,0,0.04,0,0.01986176
3beb3c32f1fa59492a3a1a79e17583f90ac148a5,apache/ignite,2018-06-04 12:05:47,1,1,0.62,1,0.8098282
ee0f4c06834e27eadcb67cefa9f9684bce3faedb,apache/ignite,2018-03-23 10:53:15,0,0,0.09,0,0.38772804
2eb5d47a19ff7f9da6a68a00947a5d0faf5a5b45,apache/ignite,2018-08-24 01:06:59,1,0,0.26,1,0.5354319
777011896ce5866a67d9d56482e73df1dae5a79c,apache/ignite,2018-12-13 13:38:27,0,0,0.03,0,0.36346444
3f1e5d1f5a25119b0b9340e2892beedd626110fc,apache/ignite,2018-04-26 10:39:10,0,0,0.48,1,0.78394127
e1ab893540e069e25c59d2c909a33f4fd0cee1cb,apache/ignite,2019-04-04 08:28:56,0,0,0.49,1,0.6982968
40927800a62684d47c30d8bfb4082501b23486ce,apache/ignite,2019-01-30 10:12:00,0,0,0.12,0,0.31297246
a4b722569a98e5ac24dddc1caea9a53b18e230b2,apache/ignite,2019-06-05 13:24:42,0,0,0.49661,1,0.7925025
0a19d010fddae9a48b8a954b46c9864f1d5ceba8,apache/ignite,2018-08-20 09:45:57,0,0,0.48,1,0.66840136
324e6e38eb1ef042bbf3a506d523201266893050,apache/ignite,2018-10-23 12:16:56,0,1,0.54,1,0.6366265
63047e83ab41143c6b59a77d938ecf0b815948ea,apache/ignite,2019-02-12 14:10:55,0,0,0.05,0,0.043020874
3ef733e07510bfdafd49186a9cd374a463fbb803,apache/ignite,2019-02-01 13:38:19,1,0,0.34,1,0.6674178
969be8101c5925a888dc8bbf982ef1438d9f1e0b,apache/ignite,2018-06-05 09:33:16,0,0,0.06,0,0.13781321
e306a3470da2083a578f6bc776fe853ec7dc062d,apache/ignite,2019-04-04 17:11:12,0,0,0.29,0,0.384121
44d30bf0464a4e76fe66b45fc49f12c88c667573,apache/ignite,2019-09-06 09:01:10,0,0,0.03,0,0.0023878736
4d89b9aea48008aa9ae6da03465ce0cb3fa6dc03,apache/ignite,2019-09-19 11:05:15,0,0,0.0,0,0.07686559
59b5ee1cb5c2979de0949ff21bddfe7c8ef7a54c,apache/ignite,2018-04-02 19:01:05,0,0,0.01,0,0.013008962
f3f2f82fc79c24fb796d8860358b38928a48b287,apache/ignite,2018-07-02 02:55:44,1,0,0.1,1,0.57664
19cbf8058b48a1f8fec60f7ceac70229e7c5391a,apache/ignite,2018-05-14 10:14:52,0,0,0.13,0,0.14405015
4aa88516018bebf23bfde82ffafe804e53e35b3c,apache/ignite,2019-12-24 20:35:27,0,0,0.32,1,0.79911107
f5b5ecd361e4fbc1c9b0b3b2b65cfaad744f2953,apache/ignite,2018-09-12 13:23:35,0,0,0.17,0,0.4738713
3fae41b1fce89f2f05ff9027cdc37ed84f3a70a0,apache/ignite,2018-10-22 11:59:19,0,0,0.19,0,0.4375598
8c727ce62b06c361e1d936986417f8359ca4bc1b,apache/ignite,2019-01-23 11:57:42,0,0,0.24,0,0.35796288
feb97c3b6850ce302dd2a800bf067129d33ba122,apache/ignite,2018-09-26 15:53:00,0,0,0.08,0,0.037940435
46592f4816a1dcd3c70ac1e21c07ef678d68d970,apache/ignite,2019-04-08 16:29:56,0,0,0.08,0,0.057773724
cfad55d39339660efc0daf06b11277a904a568c2,apache/ignite,2018-02-05 12:12:40,0,0,0.0,0,0.008725239
dc6023d9901d88f87b6f7488b6f0d7ecf2f5d0c6,apache/ignite,2018-09-20 15:14:56,0,0,0.26,0,0.2204711
a198b3ff5799899690419e3c0b6306a1eaebd6e7,apache/ignite,2018-11-19 14:31:47,0,0,0.13,0,0.21883072
9249efda531390c73e28672304bd34588ffb5d42,apache/ignite,2018-06-01 14:09:14,0,0,0.27,0,0.48241797
28b69fd57e49c96f4f0a5854a807298d5c14f4e6,apache/ignite,2019-04-18 17:45:34,0,0,0.3,0,0.44612348
8740fd67a35e5736117a9ba456474b4a76dd48db,apache/ignite,2018-09-27 10:10:55,0,0,0.14,0,0.47985533
72517181fc29d2b8eb3af93994b968675f3d29a6,apache/ignite,2018-12-04 14:19:24,0,1,0.53,1,0.8488992
28304fdb5984eb426fbf6c20a71c2072a3339c6a,apache/ignite,2018-04-04 16:43:20,0,0,0.1,0,0.070069306
44098bc6e38ce9bbd4c191c3314b2123a60739d4,apache/ignite,2018-08-03 11:17:07,0,0,0.49,1,0.86169523
52069811feeb9dd37fd07b429917b153178a2469,apache/ignite,2018-09-13 16:37:57,0,0,0.22,0,0.34668356
16dc88fc228eb15669922e3878badc8ffc16dda5,apache/ignite,2018-11-17 10:48:24,0,0,0.09,0,0.14673495
3785cc4c5ee449b96bdc0b25d0afbdc43bdc8093,apache/ignite,2018-04-23 13:31:57,0,0,0.01,0,0.0076888115
f764226007a522f8693f0f36943a314d89f556a8,apache/ignite,2018-12-27 16:36:47,0,0,0.01,0,0.028906716
6ed0330129439a953bc81fb3ae4324d84152b847,apache/ignite,2019-11-15 13:30:15,0,0,0.07,0,0.030701717
b48c5087085868b1b0432c1bc7fccd5bf9b93152,apache/ignite,2019-01-16 13:11:33,0,0,0.01,0,0.214767
18d20a632e5fbabc28f0bb355e5b458171842a0a,apache/ignite,2019-03-27 17:44:02,0,0,0.13,0,0.11445128
8e5210be6e6c3fa6d3174fbf2140734d3313b1be,apache/ignite,2019-07-22 05:55:12,0,0,0.27,0,0.22918727
5f055c7f515de045ff6d6d61312e01fac24280ae,apache/ignite,2018-10-08 14:08:21,0,0,0.4088023317435082,1,0.81418735
92173e1ffe301353fdcc71314a3077cd55083af7,apache/ignite,2019-09-19 08:32:41,0,0,0.07,0,0.1734899
0439dee3bc114a19d364920ea0e74de48d8cc707,apache/ignite,2018-06-25 14:31:23,0,0,0.25,0,0.18524855
ce6a15782c93a95c58ccb46c44f391b39d4c4ac9,apache/ignite,2018-03-19 13:56:34,0,0,0.01,0,0.08296895
ffe7296330a6d14cf9948071fa2cf634159c540b,apache/ignite,2018-04-04 10:40:40,1,1,0.65,1,0.9069791
19a05815bc4858ad49508d0bcb09d22c15168845,apache/ignite,2018-03-27 07:51:49,0,0,0.43,1,0.6205532
2ec1bb80c405571de0089c5befd81a219a31a9a0,apache/ignite,2019-08-16 13:26:47,0,0,0.28,1,0.7530074
84298cf4e85edd137ddceb1f203c5f9e2837d4d4,apache/ignite,2019-01-17 09:28:21,0,0,0.32,1,0.6226186
035a027b23559156221db1481b920baf84da9167,apache/ignite,2018-11-01 09:14:19,0,0,0.03,0,0.006238731
e078245d3813eb2ea26fc7b27d8e171942053c0d,apache/ignite,2018-05-18 14:05:01,0,0,0.2,1,0.5180665
6d72874067bf3731817bba2213d9d20f3c06577c,apache/ignite,2019-12-04 08:14:42,0,0,0.05,0,0.04436816
d0facb260773c3527237e038ce7c48121bb3f0f3,apache/ignite,2018-12-25 15:42:19,0,0,0.02,0,0.1672623
a18f71ce5c89465e7b32fca71755208ac8976128,apache/ignite,2018-10-25 11:10:13,0,0,0.07,0,0.35416716
5b4d56301887cbcde844da5b4b9fe1bb348e0f86,apache/ignite,2018-09-05 07:24:07,0,0,0.05,0,0.2740118
3a8ea330dd5732579097788bba85eae0d1a98f33,apache/ignite,2019-06-14 09:41:35,0,0,0.01,0,0.035154235
651fa786d930e655a51d5ee2f0d826d52579218b,apache/ignite,2019-02-28 08:10:56,0,0,0.07,0,0.18188749
9b000978c84357d0198d5fd09e310a9cb4ea2aa3,apache/ignite,2018-08-24 11:10:23,0,0,0.01,0,0.004023997
6641267df826e74213c9921e1d0c3490f09aae45,apache/ignite,2018-02-28 11:42:48,0,0,0.21,1,0.6301781
731f74028d3cfc881f3da2fc46c0500a37d80074,apache/ignite,2019-02-06 10:00:39,0,0,0.44,0,0.39406994
481794496a2385bb0b5664face501e4c21c8ded6,apache/ignite,2018-07-26 13:56:49,0,0,0.13,1,0.57610506
7586cfd50e01fd7d781ad652df23734a7ebeb54d,apache/ignite,2018-04-16 08:47:19,0,0,0.31,1,0.5963238
8eafafe7c370abff907684e7956588af9d66d752,apache/ignite,2019-12-17 08:22:47,0,0,0.44,1,0.8269397
a7365445e53d24aa80a54127b5407cdbd30c20f8,apache/ignite,2019-07-23 10:27:34,0,0,0.11,0,0.0796556
1dded3ae8fe21bc25f09d597b808ce409271cd42,apache/ignite,2018-04-05 12:27:44,0,0,0.31,1,0.6233397
0772a96f363b7685da0f3735f1c559f1735e4a4c,apache/ignite,2018-05-16 12:25:51,0,0,0.06,0,0.1323126
e2f8b7edbdb82ac5ebe107907a2611f0ee11f874,apache/ignite,2019-02-13 10:30:20,0,0,0.05,0,0.19991578
b058bf6577bd19bff15307c1e748fb15e9f60445,apache/ignite,2018-04-18 16:04:39,0,0,0.33,1,0.660029
02a0865153f41f0fb0abec0ccdf9adc4b9cc5cbe,apache/ignite,2018-04-19 12:17:58,0,0,0.02,0,0.023928137
ab01d51f51d93841f27c162e6a54e85ae911dfe1,apache/ignite,2019-03-01 10:46:04,0,0,0.06,0,0.032669093
eed26bcfb26d58372459f84173c4d0969dc08c8a,apache/ignite,2018-11-16 09:17:01,0,0,0.0,0,0.15889983
84489f10797b31ffbb7dd84d57c7235da494e409,apache/ignite,2018-04-04 11:36:10,0,0,0.06,0,0.21905634
db05c8bb244e409603bcae6142e280e55f2c54f1,apache/ignite,2018-11-01 16:41:38,0,0,0.01,0,0.11606781
fb3d6ea07778cd3ec65496e3f8d15ef0de2e3f11,apache/ignite,2019-05-19 07:23:20,0,0,0.01,0,0.011561554
d5b1bbae684d401b40e1731296807b3429526bcf,apache/ignite,2018-09-27 08:40:17,0,0,0.17,0,0.4735798
f6a4aaa721d1d01071e7edc158f0a1fcc8b73875,apache/ignite,2019-10-14 12:13:15,0,0,0.04,0,0.082393244
7c2ce4c7488253590885f75335b6d9209771fa46,apache/ignite,2018-12-18 10:34:27,0,0,0.09,0,0.2490367
ff891938329e27d2431d74bab53deb5812513cb9,apache/ignite,2018-08-01 07:49:23,0,0,0.02,0,0.2580346
834bb1e7b9d7efb170fe0ed9545daab9c59c2095,apache/ignite,2018-11-06 09:28:31,0,0,0.16,0,0.29709962
1ad03f070b14f6f0c24ff0fde25b6c0cb8e5bcca,apache/ignite,2018-08-21 07:58:58,0,0,0.2,1,0.58874863
111e47270ff728b0ea155776f29403d19531f69d,apache/ignite,2019-02-26 11:26:31,0,0,0.04,0,0.06466377
6e5dcab4bf446627f0c3a18c4db3a6931a81b014,apache/ignite,2018-11-12 08:47:44,1,0,0.12,0,0.114708915
44fd019d0a06d27ce9e9cb760447a11377a19837,apache/ignite,2018-07-27 14:00:31,0,0,0.22,1,0.6322464
66982167517e37dad5804d83c2665ac68047278c,apache/ignite,2019-01-29 10:28:04,0,0,0.17,0,0.4460593
3c4d48bc72ff753e593d6975881e9bf66fba1b45,apache/ignite,2019-02-15 09:22:33,1,0,0.36,0,0.3814229
d473b507f04e2ec843c1da1066d8908e882396d7,apache/ignite,2018-06-04 13:25:56,0,0,0.31,1,0.69912344
baf08bc9501676e418dab2431211a659ae421d25,apache/ignite,2018-03-20 02:20:20,0,0,0.23,1,0.6641808
e8d7cf9726e11554ebfdf5f8144e5bcaab7e221f,apache/ignite,2018-10-24 15:41:23,0,0,0.05,0,0.2663093
7b0f6c1641131b71232f063e3c72d616cf1694f4,apache/ignite,2019-04-12 15:28:33,1,1,0.55,1,0.72025263
2de75fd4543530a0ced7d494aa3560d839df01a1,apache/ignite,2018-01-11 09:58:19,0,0,0.03,0,0.034818094
c69ff4ae96c412c31e29024a0ade37652e028bef,apache/ignite,2019-03-21 10:20:38,0,0,0.09,0,0.116648555
870197465da29ce66f333845845a536f9300c72e,apache/ignite,2019-11-19 18:14:46,0,0,0.0,0,0.0047084596
4fb139d10913ba757900fa1231ba6dfa1afc16b5,apache/ignite,2019-11-29 13:18:17,0,0,0.01,0,0.1305573
4ec489a95a5defe9e6644405ab23403594a4478f,apache/ignite,2019-09-20 08:43:32,0,0,0.19,0,0.23863418
2f3bd725c0a8dd69d1f91071e9d315410c327f16,apache/ignite,2018-10-16 11:35:38,0,0,0.09,0,0.06654253
07f1dbfcb899d604d6637a71c956b14e6d52ac9c,apache/ignite,2018-11-27 16:58:54,0,0,0.04,0,0.09627662
3064f1ee56f420d64129ad59d9191296d8f249a7,apache/ignite,2019-04-11 12:07:10,0,0,0.05,0,0.12876756
4232692d790e40bcf100e866df4f6d66dccd518d,apache/ignite,2018-12-10 08:58:07,0,0,0.06,0,0.22507852
48cb0f176eaf25c4c0a7eeb41b6ea9f33e3a986c,apache/ignite,2018-12-26 11:22:49,0,0,0.3,1,0.6343303
c3ce57754815f737b682d3b01427a19ec22900cb,apache/ignite,2018-05-28 10:11:08,0,1,0.61,1,0.9450148
8292d2774f5f296e9cf624916f720cc6ca51f960,apache/ignite,2018-08-20 12:51:38,0,0,0.5,1,0.97071606
532dc79a1459befa757849487f7aef2cb8608cee,apache/ignite,2018-07-06 15:31:23,0,0,0.16,0,0.4133498
457ffc1584b7808b9ab2270f8541976ec3c2f022,apache/ignite,2019-01-22 08:24:03,0,0,0.03,0,0.13478643
66755c1a2f39f9da948e4033a8b64afd9ba242f5,apache/ignite,2018-11-02 09:44:27,0,0,0.14,0,0.42587003
8811a143b525804905fd661b2c66d508b70e4697,apache/ignite,2018-08-02 12:51:17,0,0,0.07,0,0.4437492
ce9f593495a6c9c89311aa1608ffda7fe92d0aa0,apache/ignite,2019-10-17 10:33:03,1,0,0.11,0,0.4708473
c75d6eb053164ee0cb8d74f98533db3a11a5d82a,apache/ignite,2019-09-23 07:55:11,0,0,0.03,0,0.3219099
acfdcdaa0f667b1ebebc26cea90df030804056a7,apache/ignite,2018-11-19 13:41:28,0,0,0.11,0,0.1643428
6263dbe6c45a0656ba55a0eb04d07941fac27c7c,apache/ignite,2018-07-27 09:23:08,1,0,0.39,1,0.7631921
74f312e0c863824f1cefdd589a7a0d7da140a276,apache/ignite,2018-11-20 12:26:31,0,0,0.23,1,0.7649914
31bf38d37ff0b73b24a8fa0034630d833eee1f75,apache/ignite,2018-11-01 07:11:44,0,0,0.03,0,0.068027705
b10ba044d2d4357738c70f924b94e2e6a50c5f20,apache/ignite,2018-09-07 10:31:58,0,0,0.19,0,0.36710745
16a7c980e9c13b09b51476e8b6632982e54829b4,apache/ignite,2018-06-25 16:18:46,0,0,0.02,0,0.09351845
985d66ce3cb42a91af227d6ece118bcbfc1c9b4d,apache/ignite,2019-01-24 15:23:25,0,0,0.0,0,0.10892883
0acfa84fd426a9f0f9b15d11b13319ceb7b3139e,apache/ignite,2019-02-11 09:02:57,0,0,0.08,0,0.0033009707
a6e97d146db68dc510616ef4bd14281d3bba0a8e,apache/ignite,2018-09-20 14:19:17,0,0,0.0,0,0.017596096
76e2df8cc2c46bbe0d059e00deaad107221be913,apache/ignite,2019-01-22 13:12:07,0,0,0.05,0,0.022209724
0282210b01691dd268ce66e650dfd25f54c261c1,apache/ignite,2019-02-26 13:00:07,0,0,0.15,1,0.5420695
abc808afe166ffd0698992fdc9bbee4f888cba76,apache/ignite,2019-07-30 09:05:05,0,1,0.56,1,0.7943396
78328fe491e6b73b5a9d581af51846badbec287b,apache/ignite,2018-08-30 16:28:34,0,0,0.4,1,0.9092322
e8e4626633faf734b7acfb3237582503dc6a2ed1,apache/ignite,2018-05-10 13:35:45,0,0,0.16,0,0.16872954
f52031d4049cd38673c0c7d974d1a57764aeba2b,apache/ignite,2019-02-13 13:20:51,0,0,0.14,0,0.25119272
29588c51556724940d92d6b077420f8f89baf34e,apache/ignite,2018-12-20 09:00:38,0,0,0.03,0,0.0910508
6a51f25da75154e0f89fc6c6a0ee84de538fcc6b,apache/ignite,2019-01-30 09:14:28,0,0,0.17,0,0.35717615
9a3de134a5dfdb4385d0f5b8f7b1b16eda93b604,apache/ignite,2019-02-19 08:35:14,0,0,0.11,0,0.122443266
cbbd9ad4a329d69ca88517ce2c480bffcf413e78,apache/ignite,2018-10-11 09:42:27,0,0,0.05,0,0.13148978
47dcc2c9b6986f8ff189765125edba610072043e,apache/ignite,2018-04-27 12:06:08,0,0,0.45,1,0.75633246
1382df19fa49a89714c707b04ec4920802a6064d,apache/ignite,2018-09-21 22:53:00,0,0,0.05,0,0.116206035
8f2045e364a4dab71cb99138d99e90b80bfc2de5,apache/ignite,2018-02-02 08:24:29,0,0,0.08,0,0.12613344
a61e1a90ccf65082bf49d481e5d88de5806ebaee,apache/ignite,2018-07-30 19:43:37,0,0,0.18,0,0.3286015
66fcde3d0acb88b028024e4a62dc4b2f9ddfe534,apache/ignite,2018-08-16 15:39:49,0,0,0.44,1,0.63734776
bcd388157c76ec684f043fa140b24dfd3c11f5cb,apache/ignite,2018-02-16 13:21:12,1,0,0.24,1,0.52536166
889ce79bba0187891d334fedbc63235ff85fabe6,apache/ignite,2018-11-09 12:05:18,0,0,0.478305,1,0.8113762
fdad64189eb62bdcaf213d45483dc34b11e422d6,apache/ignite,2018-05-18 08:18:39,0,0,0.17,0,0.11403956
355ce6fe8839ea707bded79a6c21a2f74451366b,apache/ignite,2018-11-18 21:59:56,0,0,0.06,0,0.19634822
1fe02df8daa94ca0761049cd41659f4ae18f580c,apache/ignite,2018-10-29 09:14:54,0,0,0.02,0,0.11796556
72fdb1517fe11dfc1be82076f5544077bf9ec829,apache/ignite,2019-01-18 08:20:01,0,0,0.09,0,0.04299138
c807ae952c233cf1a8c0a63d543fafe19c40c6aa,apache/ignite,2018-04-10 14:30:12,0,0,0.01,0,0.042074677
08f8b4e90f4858455afed824980ddb168ae048be,apache/ignite,2019-03-15 08:36:30,0,0,0.28,1,0.70008546
bd49b143b81a154cf5aa8c1829e9d774f85132dd,apache/ignite,2019-02-01 11:29:33,0,0,0.14,0,0.3311898
0005467e3f5211378c2932f0ebc9b5b2c73d565a,apache/ignite,2019-07-03 12:44:07,0,0,0.07,0,0.11779982
04269580493ca5011900594dc016cd5c67ee323b,apache/ignite,2019-07-04 10:28:40,0,0,0.01,0,0.003361118
aa112a3255e5bcdc652ff2ca42e03deffb765dff,apache/ignite,2018-08-22 14:33:39,0,0,0.09,0,0.15352829
27786a05e2993334c5db403ed59fdaa0c36b0722,apache/ignite,2018-12-12 14:52:02,0,0,0.04,0,0.28094298
34059d0ca4ae7a20df766b8b140dd84d50edbac9,apache/ignite,2018-06-14 17:10:50,0,0,0.0,0,0.108239345
5efba7d6adde5b6ea5db0a56af74adcd011ddafc,apache/ignite,2018-01-19 08:24:51,0,0,0.4,1,0.8463221
c843b8fe0ca624231d384d9f56a9635c336c91c4,apache/ignite,2019-02-14 21:46:37,0,0,0.09,0,0.25289997
18558fc206aaf23cc2ea33e6f20f4a53cec24da5,apache/ignite,2018-03-27 12:20:08,0,1,0.58,1,0.83779913
932692ecc7a3e0feda856ae37bd2b2c182274b35,apache/ignite,2018-03-02 12:11:50,0,0,0.41,1,0.654422
86c18998dbb430c69eb136ffce54858f52432808,apache/ignite,2018-05-24 15:04:02,0,0,0.14,0,0.23672675
f4ac81a4881d6d4232d6749e0744d987dd2dd3d4,apache/ignite,2018-03-16 13:34:42,0,0,0.19,0,0.14250953
137dd06aaee9cc84104e6b4bf48306b050341e3a,apache/ignite,2018-08-01 15:39:54,0,0,0.04,0,0.07353709
1d10e6ad47bd56a652274f7f2b3f733679c5ab79,apache/ignite,2018-08-10 15:54:29,0,0,0.03,0,0.14369768
d7af985383d9e82608fd77904415960492ed6290,apache/ignite,2018-12-13 09:26:41,0,0,0.01,0,0.0760277
5fa5c5483d7dda59cc7806cd647f00bbdb66b216,apache/ignite,2018-10-22 10:36:32,0,0,0.17,0,0.2511514
0f387681b81d41ba2f56f186eca3308ccd11d4b9,apache/ignite,2018-11-13 12:01:37,0,0,0.15,1,0.5447324
0901cf3bc73d30d3f0cc60aa87bddc6ab3b02249,apache/ignite,2018-03-29 12:26:21,1,1,0.81,1,0.99191016
afe7933b156d51691997fefd251b76de5ea15e1a,apache/ignite,2019-04-10 13:26:30,0,0,0.06,0,0.046550173
3a82d4aa2cae8aa88feeb8bf9505fec41b122417,apache/ignite,2018-09-25 13:55:43,0,0,0.07,0,0.079967596
1a2c35caf805769ca4e3f169d7a5c72c31147e41,apache/ignite,2019-07-16 14:01:42,0,0,0.09,0,0.030678898
70a3ae9d99e204cc88bedb908d80f86ef37ec454,apache/ignite,2018-03-20 11:44:41,0,0,0.09,0,0.008640317
4a3213b8781d84dcd292079a55f792d458cc6d2e,apache/ignite,2019-01-21 15:50:51,0,0,0.28,0,0.29200962
a96ac04755d2c7448508990fe9e1dad62bcccc90,apache/ignite,2018-04-10 19:20:41,0,0,0.1,0,0.06392663
0bb56a64e338d676e3182244e17f9e79a318f808,apache/ignite,2018-05-15 07:07:01,1,1,0.66,1,0.90818727
1adbc44d1b5d22616a42190082a5f0a24624c074,apache/ignite,2018-06-06 11:34:04,0,0,0.01,0,0.0073514474
e58aae48b67c74307703d2ae44fe8e3cd4b9649a,apache/ignite,2018-02-13 10:13:15,0,0,0.05,0,0.07907059
c56801ed7a9e9d65dad51b2bb1b9b9074b07c901,apache/ignite,2019-01-24 14:12:28,0,0,0.05,0,0.0013719787
e22e5998c5f830be97addca1b879abcacfc99bc2,apache/ignite,2019-08-29 09:16:08,0,0,0.02,0,0.0020648197
18aaee039908821d9d962a7bf3659578164e375d,apache/ignite,2018-11-30 13:10:56,1,0,0.16,0,0.48833632
cf32fc7baccea641f11a691f4897d564387b7fc8,apache/ignite,2018-12-05 12:54:44,0,0,0.14,0,0.11311854
a7f0422d77c9a713ab3912cc137b045f2ec732e6,apache/ignite,2018-01-11 14:05:17,0,1,0.51,1,0.7259623
0cdded31ecabfd34b47e55c51a8c1e1bf4f9d667,apache/ignite,2018-03-04 15:07:52,0,0,0.09,0,0.21256277
d66ccb4aac442bfcc580ad10b1d55fc9308b1530,apache/ignite,2018-06-26 17:28:19,0,1,0.84,1,0.9667309
7076f42763dcfdb28f626d2f8072e7f34b1ff8d7,apache/ignite,2018-11-17 08:37:24,0,0,0.06,0,0.012298098
2f9faf1e0d885185348653d6e3b817d32b992261,apache/ignite,2018-10-01 11:54:41,0,0,0.1,0,0.2629532
e7c3566d11d6276b18a8c54e7b7f9bf3f9b3126a,apache/ignite,2018-07-16 14:27:49,0,0,0.16,0,0.2343347
5777035342a6913b50618b86e5f7a7977435a21d,apache/ignite,2019-02-04 10:08:25,0,0,0.04,0,0.14933714
4187780760bd67723db72c70e69205fe933d37e6,apache/ignite,2018-12-24 12:00:45,0,0,0.15,0,0.37994418
a2e1230aeec734aa0b09cc5688e266c645666ada,apache/ignite,2018-12-25 11:01:50,0,0,0.4,1,0.5123406
62c560a544a81a5e5b90099fa9da7ab51fc585fa,apache/ignite,2018-12-26 20:17:30,0,0,0.04,0,0.024573646
95fc14903f8b500fad2347e10faabaf4df7f8316,apache/ignite,2018-04-25 14:39:02,0,0,0.07,0,0.042777672
ec118646862cb15e5d8eaff5f855be93996ebe26,apache/ignite,2018-11-21 10:31:28,1,1,0.79,1,0.98800397
91d77a79c4805e501d8637fc1263866d5e914fba,apache/ignite,2018-10-15 14:58:59,0,0,0.03,0,0.009172175
b44c1d208d4ac124c718ec635890fc862740289c,apache/ignite,2018-10-03 07:44:59,0,0,0.0,0,0.033951856
2d63040fdf77bbc4515790d796fa86a8f4f6a66c,apache/ignite,2018-08-13 08:59:27,0,0,0.0,0,0.028711732
a9eac55d611559ee8c2d8ae0085dac5706436065,apache/ignite,2018-05-17 17:11:41,1,1,0.87,1,0.9878939
d5a39a6c40d7f6c30c497ac701e5c5733a95a643,apache/ignite,2018-07-04 14:15:28,0,0,0.05,0,0.16968802
39379a3ab5e42257bec3091eac6b2c8dd111bca4,apache/ignite,2018-09-13 11:31:39,1,0,0.25,1,0.6737531
82d2efe1a20d148fa2c591265988a1852f68f120,apache/ignite,2018-10-19 09:30:48,1,0,0.49,1,0.6407451
091ace90e56bac1f7bc76886a5dccff796cbe34e,apache/ignite,2018-10-17 14:56:08,0,0,0.06,0,0.014359338
a06c47f7e90005d342ab100270398e9c5ea5423d,apache/ignite,2018-07-03 16:19:47,0,0,0.1,0,0.2881884
e666fc5ddcb073e4be8f0680aff8b13653a23b47,apache/ignite,2018-03-19 08:01:26,0,0,0.2,1,0.550267
535437336b1fd0e382c19f220d511fea52dbf889,apache/ignite,2018-12-26 15:23:56,0,0,0.01,0,0.072842605
b48a291e1a2fc531085cba3b60ff8647ccc1639e,apache/ignite,2018-11-20 12:45:39,0,0,0.15,0,0.08301084
326c19b580fcea2112bebb04d12182942e2c5332,apache/ignite,2018-01-22 15:55:22,0,0,0.0,0,0.0027728637
fb52e5e622e4e9f104e0357744c0654a213ece44,apache/ignite,2019-02-26 09:06:00,0,0,0.17,0,0.48429146
ad0cd50433960b7f3dddc63c898b04259fe0c074,apache/ignite,2018-02-20 03:27:40,0,0,0.17,1,0.75296104
6363aef944cb77280c3513c77b940698ad30c5c1,apache/ignite,2019-04-05 15:32:51,0,0,0.32,1,0.6103609
5e9710abc4caf031923e2371dbfb27a6e9b4b2ec,apache/ignite,2018-09-24 06:02:17,1,0,0.28,1,0.6727193
baab0a6ddd3973fb8fca6ecb0a7d841d7d3a72be,apache/ignite,2018-08-28 06:59:15,0,0,0.02,0,0.1575792
dab050acc31bf74f7c159c1cb9c5a8faa966f4f7,apache/ignite,2018-10-03 12:50:07,1,0,0.1,0,0.07704973
a3eb1f5d753a38c4019440e1bf39d00bc6136455,apache/ignite,2018-04-11 11:41:29,0,0,0.2,0,0.48773235
d154eec036a7c6a65bee14134c9244655b623862,apache/ignite,2018-05-10 17:00:12,0,0,0.02,0,0.01570864
ba9e8fdba0f664972d538fe351525558645db72d,apache/ignite,2018-09-26 11:45:15,0,0,0.04,0,0.028207272
a1dcb540b2356c713f0da954a08125ee4c478944,apache/ignite,2018-06-26 13:49:12,0,0,0.1,1,0.51846594
c9368da76f6a2c7555d355219a000ca371552b7d,apache/ignite,2018-08-08 10:13:46,0,0,0.14,0,0.46103978
1619dd5603f9b9eb71dbffc70add54df0a290e2c,apache/ignite,2019-02-15 14:05:42,0,0,0.01,0,0.04938143
654ccf016951b87a0d24e491cce5605522b47b67,apache/ignite,2018-08-17 12:20:23,0,0,0.06,0,0.044095807
e8aa038835c235b76bb22580ca479dc679ba5365,apache/ignite,2018-09-04 03:32:32,0,1,0.64,1,0.89103955
e8eeea375584bb31a8a9f60e43c8206cd4753d64,apache/ignite,2018-11-26 12:37:58,0,0,0.17,0,0.25719687
59c5420345a0decadced3d3b9b1e86ce0f7dda47,apache/ignite,2018-12-21 15:31:38,0,0,0.0,0,0.02959711
59a41cf036f8b9a9014aedc1c67295c5c7e07265,apache/ignite,2018-04-23 09:55:25,0,0,0.03,0,0.058430534
768063c2b75b99f3d805daca7f20862d09671f33,apache/ignite,2018-03-05 19:54:25,0,0,0.28,0,0.49870056
bba6adf82c66adf9979cf72df6aece004283ca47,apache/ignite,2018-08-21 14:49:11,0,0,0.1,0,0.0059006857
e95c7b1d394606255afeb7d1b9d280c0b5ffd470,apache/ignite,2019-08-16 11:43:24,0,0,0.17,0,0.20978238
2906a16522279802a6002f9fba009978225afad3,apache/ignite,2018-10-29 09:35:30,0,0,0.06,0,0.20815614
0a23658e2d5f12420ab021aa1d3ee1d08506d2f6,apache/ignite,2018-09-07 09:19:55,1,0,0.48,1,0.8579494
25f83819a94a6dd75f4cc7cd6b08f74d7c551ace,apache/ignite,2018-08-08 13:13:30,0,0,0.11,0,0.27660963
da4f5087c8505f46319261027a10eac1f72c1b0f,apache/ignite,2019-09-02 16:55:54,0,0,0.08,0,0.15672761
46d72fcde83abacb55828b001023e31392b28621,apache/ignite,2018-07-25 10:55:55,0,0,0.09,0,0.4455333
7d933e8e13c48a16b8184e0df4c37f71b7d57f33,apache/ignite,2018-12-24 08:11:22,0,0,0.13,0,0.18176232
d36055ec16ee52500e4c3b5d23254146cfbf6138,apache/ignite,2018-12-01 13:00:29,1,0,0.45,1,0.57481325
1039c8a7921858c7d577816ef1994de969d18e74,apache/ignite,2018-12-13 14:45:58,0,0,0.1,0,0.29084235
89c775737936645eaf739b494cc1740cd9605095,apache/ignite,2018-05-11 15:45:38,0,0,0.06,0,0.09194942
8d44c327efd9b1a834a0aa01cd1e37c9b1e1cbd3,apache/ignite,2019-08-29 08:50:31,0,0,0.32,1,0.6703536
11d8b6687eb48abd783c5202d704564b9ac5b505,apache/ignite,2018-02-22 14:26:33,0,0,0.11,0,0.24437651
8adff242dccddc4893514785fcc3cd543930d1ad,apache/ignite,2018-07-06 16:09:57,0,0,0.3,1,0.61132985
e87aa510a74e4a6efb4dd72544a6419799307f9a,apache/ignite,2018-12-24 09:49:58,0,0,0.3,1,0.6869712
d3566c1458443555c7813f55f9a82fa64f083226,apache/ignite,2018-08-09 12:38:22,0,0,0.03,0,0.102386214
58241fb6b1552f4b2227bc409765003096dc7f47,apache/ignite,2019-01-25 13:54:53,0,0,0.19,1,0.5239104
a8356c25d078c8d3ff4a1ff2fc8f48971bd070ab,apache/ignite,2018-04-03 14:54:21,0,0,0.24,1,0.54375553
c82277eb4e48f95dfec8cb0206c019820a765432,apache/ignite,2018-04-20 15:41:06,0,0,0.46,1,0.85839313
b42a5c59733cdbab68cda952f30f897fee9021fc,apache/ignite,2018-01-30 14:25:08,0,0,0.16,0,0.03540125
b1206121e7a87f2d84414ab03b86b8614c0bc3c0,apache/ignite,2018-10-05 13:13:45,0,0,0.21,0,0.32137886
ec4d64db439c333cf2d16556412fbd52df2e6586,apache/ignite,2018-01-26 08:48:01,1,0,0.34,1,0.6320656
a97dbe6385e248412429f46b5a26c4c6fc41b7f8,apache/ignite,2019-08-12 00:03:12,0,0,0.05,0,0.06740862
eadc5917d7b3409282b125b37be665b47f22714e,apache/ignite,2018-04-23 17:37:09,0,0,0.0,0,0.008677077
67023a88b8c9cf647196b6deb1759b4d01e33890,apache/ignite,2018-04-12 07:37:36,0,0,0.2,0,0.46648392
09002f2e05629a1c71443ed5e135ea125f0e7722,apache/ignite,2018-04-28 16:07:55,0,0,0.03,0,0.021655787
2dd6ba330d73f1f4574c4c690536908fb1531c19,apache/ignite,2018-04-03 23:02:33,0,0,0.14,0,0.1555912
ae5bfadf09254fd62416c887c1404713582a4571,apache/ignite,2018-11-23 14:32:00,0,0,0.04,0,0.075812325
e6a56902c38ca001cba954af37787fa31cc750d1,apache/ignite,2019-02-17 15:50:10,0,0,0.25,0,0.47618023
8170f2cb195357142eb720af395ae29c04cc6f73,apache/ignite,2018-08-17 15:03:09,0,0,0.01,0,0.02992612
5d66516d18b84878331918b79afe452d70bd7a42,apache/ignite,2018-01-10 09:03:20,0,0,0.08,0,0.2452907
37eedfc1824c8d2c62dbb860f08f5397c1b4033a,apache/ignite,2018-09-28 14:55:14,0,0,0.2,0,0.46729428
070b90adbeccb0821c8790880b7b771a11710b9d,apache/ignite,2019-03-15 14:52:40,0,0,0.0,0,0.0141806835
036bd074d8bfd25a2c4c463a60dde00604d11b9d,apache/ignite,2018-09-28 15:03:45,0,0,0.13,0,0.27651003
ece5869bb9e7ff638352f07b63192ec2867afb8a,apache/ignite,2018-12-18 14:48:48,0,1,0.51,1,0.85238165
2bf48e5417816c2211402dfacf5678f6a67014bd,apache/ignite,2018-08-30 13:47:23,0,0,0.05,0,0.18832974
26d141e4ca66f717db0771ab8fdc83e301875595,apache/ignite,2019-02-07 12:17:07,1,1,0.63,1,0.8258242
78e79e011f1bb017653e628587faf606cfd37510,apache/ignite,2018-01-05 09:08:54,0,0,0.01,0,0.008588197
7d1b87a67d6e115bff41eb80e7755a070b3f32ac,apache/ignite,2019-08-13 15:51:00,0,1,0.54,1,0.8976805
5ca26ce1e3fd0c299dfc9e9ce195f54ac74382ae,apache/ignite,2019-02-08 10:14:04,0,0,0.03,0,0.0058009396
c1e7da15cc188ad0addce5002b2868c5a6e4dc8c,apache/ignite,2018-04-02 08:08:05,0,0,0.12,0,0.010919077
5e220f90d05fcc92eb655329a96f909f444ac75f,apache/ignite,2018-09-27 11:09:48,0,0,0.19,0,0.04749074
5c8d9ffa20fbe4497c5cd96a11f315df2baa9ba4,apache/ignite,2018-05-18 16:28:45,0,0,0.08,0,0.008984775
24bd54a7c38a0f1e73dbfc32bf33914c76c19d9e,apache/ignite,2018-08-02 15:20:02,0,0,0.07,1,0.5321388
dcdb27a24a450f63487290360b265e1570534629,apache/ignite,2018-11-06 14:09:27,0,0,0.04,0,0.005227857
d0a7e453be3495d7285c555c5a93561424f9b469,apache/ignite,2019-06-29 17:13:14,0,0,0.01,0,0.003504271
426e25aa4c8f71f0e0339ed9866775922d57901c,apache/ignite,2019-04-16 12:48:58,0,0,0.02,0,0.0026665854
340569b8f4e14a4cb61a9407ed2d9aa4a20bdf49,apache/ignite,2018-01-22 19:41:54,0,0,0.04,0,0.0042329603
bc35ce0cdf0698a730637e77f08aadf9a295f759,apache/ignite,2018-06-04 22:24:37,0,0,0.0,0,0.033602774
a38cbb2d6aa324a400f09ddbaa75c1c8ee5462ce,apache/ignite,2018-01-24 15:22:11,0,0,0.07,0,0.34935835
4074a9b9b8cce04528337e0694966c09a9cdc049,apache/ignite,2018-11-21 08:43:16,0,0,0.03,0,0.0054847263
fbe24f8e3b0d9016a69670ca2bc50766865adf38,apache/ignite,2018-04-20 14:11:36,0,0,0.13,0,0.325988
567a8750ee0d4003fa0a387021b34b95b93184c5,apache/ignite,2018-08-10 14:47:13,0,0,0.16,1,0.6767727
6f943820a4d9f65383854bd4b567352019d320df,apache/ignite,2018-01-11 10:34:50,0,0,0.07,0,0.38287565
39f6e899c32025daf6afcab9366711381c1e38a7,apache/ignite,2018-04-25 10:39:13,0,0,0.23,0,0.46317735
9ec36bf4d7875700bdf604e837254ddc353e9b87,apache/ignite,2019-02-08 09:26:26,0,1,0.76,1,0.9721881
4606d830f28aade54024edab8f26b6205d6f8ccb,apache/ignite,2018-01-19 09:00:55,0,0,0.5,1,0.61220163
4924ed430f0adfd9385414d7e341393a00577d1a,apache/ignite,2018-08-28 15:18:26,0,0,0.43,1,0.78024244
c2f09c1c8430109f0994095d480f556fc685ee20,apache/ignite,2018-01-29 14:44:11,1,0,0.4393630214205186,1,0.8062374
5aef8813269f7e7b3e3d175a4343a9fd72b68325,apache/ignite,2018-09-28 08:49:08,0,0,0.02,0,0.072410904
33f485aecbca59e7ae776145df830565b0dd1ebd,apache/ignite,2018-07-23 08:25:49,0,0,0.3,1,0.66778666
5aa1481aa645b0d42992b49b6e22cd440575e160,apache/ignite,2019-03-29 07:03:58,1,0,0.47,1,0.6820495
a1897dfd1f82cb85260c1d05e778a609bf30511b,apache/ignite,2018-12-24 20:46:13,0,0,0.14,0,0.39336714
22c0c7ebad5265b66e0060d25cce9ce4568234a8,apache/ignite,2019-01-20 10:23:56,0,0,0.1,0,0.07713463
bb1b11fd234235fb6cd1d5764a0e3ba2780d2141,apache/ignite,2019-09-21 10:23:37,0,0,0.06,0,0.38625947
a1cb021c06ffce5da460a8cd4ffe71de2c350b54,apache/ignite,2018-10-17 10:28:20,0,0,0.01,0,0.111463495
4ee181ce42972cb5197d780a79e0a96c26fe77e4,apache/ignite,2018-03-12 09:53:36,0,0,0.03,0,0.15713122
ececcbcd1883a2cda5a2eb12e0f0deffddf6b829,apache/ignite,2018-12-06 04:30:08,0,0,0.02,0,0.12610082
062cce1dae9687988630d2b1aedac508933643e8,apache/ignite,2019-07-02 11:32:28,0,0,0.5,1,0.81234396
2ea420ea4cdafd9502322dc97002e4c37f59d54e,apache/ignite,2018-10-31 08:22:38,0,0,0.09,0,0.22996981
71836d95a13dfbee2e152c0a071488bf0d7d0802,apache/ignite,2018-10-03 10:28:40,0,0,0.05,0,0.25036824
9a9c817f8fb663e9bbfaab76d3d08058d30597d1,apache/ignite,2019-03-29 15:23:55,0,0,0.08,0,0.14392091
37015fff5f0df20991e63e41dc299464674eb1a1,apache/ignite,2019-02-19 07:25:18,0,0,0.36,1,0.7117057
9f40da5a1e8bf3cff0227306e7de1de44b3bffcc,apache/ignite,2018-12-25 09:11:17,1,0,0.26,0,0.44423366
0020e417cfaf36da513c2063dc081514498a1597,apache/ignite,2018-08-22 12:28:07,0,0,0.07,0,0.024207823
54bac750098bba32993754935e867bfbdd42ebef,apache/ignite,2018-02-04 18:06:02,0,0,0.04,0,0.005855068
525a77547d7f98b1a88ba98f60f328da3aa4947a,apache/ignite,2018-09-04 08:57:07,0,0,0.13,0,0.30724525
9aa6aa826e82f95c41f0eb3e393e1d98e36c7275,apache/ignite,2019-01-29 12:40:20,0,0,0.18,0,0.12830746
cd5e252995a059fe2a61ef8a895b54775e433a59,apache/ignite,2019-09-06 09:26:12,0,0,0.01,0,0.008417402
921f0cf9b3ab6454339fa57b929093f56372c61e,apache/ignite,2018-03-23 02:55:13,0,0,0.01,0,0.0480348
fd3c50e0df916cd636b98849d02d3a730fcac73d,apache/ignite,2018-09-07 11:22:48,0,0,0.04,0,0.008733578
5fc9a3fc1ef5c486e2656661e2e811b235b6543f,apache/ignite,2018-11-21 17:35:23,0,0,0.17,1,0.55857414
6670daf79ae41be2adcf75765dd90fcbfa675e30,apache/ignite,2019-04-16 15:01:42,0,0,0.21,0,0.3728215
2ab949349050a5affc66f01d4f2f00b81776143c,apache/ignite,2018-09-17 10:08:19,0,0,0.36907402349084945,0,0.39047265
fea694fefb96ef9bf66940b7e230d1d0abab1c08,apache/ignite,2018-08-20 11:47:37,0,0,0.01,0,0.056173705
6c6f0949b7e79bc3d9ddd5416a990109405b1fb8,apache/ignite,2018-04-18 18:03:32,0,0,0.01,0,0.0045297733
cc31cbde56a7ef1330eb27fceaa5c97af843b2cd,apache/ignite,2018-12-27 16:35:14,0,0,0.3,1,0.56376326
bf5131fa40706e1538a69de1db99025a2ed72a41,apache/ignite,2018-02-09 13:55:15,0,0,0.06,0,0.01381421
cde31aa46db3950561322a66c45ad91fb869ddb3,apache/ignite,2019-02-01 00:48:53,0,0,0.02,0,0.041097578
9bba2d5203b0e67b206f153cac4a60a213ce9a15,apache/ignite,2018-01-18 10:53:29,0,0,0.02,0,0.13612306
d0adb61ecd9af0d9907e480ec747ea1465f97cd7,apache/ignite,2018-03-27 17:11:52,0,0,0.2371073317435082,1,0.6852868
862c9264fc05816f96ea594807854502ff3dd00a,apache/ignite,2018-10-29 10:28:07,0,1,0.53,1,0.7064282
bfe9283e9e809cad21b26466bcb8fcb7d7244b73,apache/ignite,2018-11-30 12:06:48,0,0,0.07,0,0.05826256
5c718543695fdc3006236652e878e25ab9946de5,apache/ignite,2018-04-18 16:41:44,0,0,0.04,0,0.0475893
b3d551684156e899287d662d8530743b9748df33,apache/ignite,2019-10-07 09:26:35,0,0,0.07,0,0.107053205
4a2d867d779c352f8968c5a48bf52834deb010f1,apache/ignite,2018-09-27 08:25:48,0,0,0.04,0,0.13012403
eff5751e49be6b7fa5b07e2dee2faaa9e2574417,apache/ignite,2018-09-25 12:51:54,0,0,0.03,0,0.03889747
ff0b232dc7c575f600525d13abed62a6408ce380,apache/ignite,2018-03-26 10:33:40,0,0,0.28,0,0.17360838
4f9c3d65ef80a11f98b81e346860718c7cb4e6f2,apache/ignite,2019-01-11 14:47:40,0,1,0.52,1,0.90880597
594df607cfee2d94be76bc841bdb21711ca5f778,apache/ignite,2018-06-25 14:04:15,0,0,0.01,0,0.07636274
dde936ace5eb0618edc360ca05006d76e810add8,apache/ignite,2018-08-22 14:24:27,0,0,0.0,0,0.059685696
fe6e70e3c8d6a6349ea00b7ec99b215945ffce6d,apache/ignite,2018-05-18 16:38:34,0,0,0.0,0,0.038883343
937164ea1a922ae32e54aa32b7356ef758599e87,apache/ignite,2019-02-07 12:45:49,0,0,0.03,0,0.0024508564
af8cb624220398e99954f892ffd12e072524066b,apache/ignite,2018-01-31 15:11:07,0,0,0.03,0,0.0017368094
5a29276355c4eb8966e5825883e1232ee2a80509,apache/ignite,2018-04-11 13:29:07,1,0,0.32,1,0.63503027
70216517af357a8d77f1811f986f133c4694bdb4,apache/ignite,2018-06-08 15:06:42,0,1,0.56,1,0.9107908
02739a57cd01e0ea6b78e2f03c6a635083602458,apache/ignite,2018-01-29 11:37:51,0,0,0.09,0,0.2652306
1761a3c66dfa42fffa35e5cc736e2420e22851b8,apache/ignite,2018-02-22 08:52:44,0,0,0.03,0,0.24720538
523900a0c56ae1ce2f9ff56368c0159983645af2,apache/ignite,2018-07-02 15:33:55,0,0,0.14,0,0.16377941
6df5f99bec46d9b0eabd2e623f0d26b32d031e4c,apache/ignite,2018-04-13 08:53:50,0,0,0.25,1,0.5270932
e1963d1a2ae3bfc82efc04457960d1694e90ee16,apache/ignite,2018-06-18 08:59:07,1,0,0.34,1,0.6042774
9131e4ddb9ba3cf0faed4d64b4538b96547a9db5,apache/ignite,2018-06-18 12:07:48,0,0,0.04,0,0.026360389
4692155608647bfd864b9a78a6a6011cc81be29a,apache/ignite,2018-04-02 12:38:28,0,0,0.03,0,0.03518747
d47221daa40a0ccc10ed2b9ae16f658065b27993,apache/ignite,2019-04-17 08:26:30,1,0,0.4,1,0.50481343
dd4fa9c31d865591d7e683de1e39412535b540d3,apache/ignite,2019-04-25 18:34:26,1,0,0.3,1,0.5586004
64d3f0071be11be318e5ff278c10f2264a9a9a07,apache/ignite,2019-04-26 08:36:42,0,0,0.23,1,0.5263662
d6400c69f5c0f0635dd1e474d771430ed338513b,apache/ignite,2018-10-09 06:01:58,1,0,0.27,1,0.6448748
d4fce67be1daf4d19f1cf35cdc613cdbe50c7a1a,apache/ignite,2019-01-11 14:33:26,0,0,0.22,1,0.56969166
d15ca454c8c31a8a943282661bd84c4c4287045c,apache/ignite,2019-06-11 08:57:49,0,0,0.12,1,0.6006262
5ee876a6635b3c48c86c6a51bb0dc9f98ee55d63,apache/ignite,2018-06-21 11:55:06,0,0,0.09,0,0.0601659
b38ab5489daefd35c440ed31d8db4edcd44295d4,apache/ignite,2019-06-27 14:39:11,1,1,0.85,1,0.9823239
76ad0a4d10ac761f5cdec01e6ec4d7299e434a07,apache/ignite,2018-12-24 14:38:37,0,0,0.04,0,0.25623164
3f0e85f2e3d0a5abbc7fbf67c8d9938c90caae2c,apache/ignite,2019-04-10 13:31:02,0,0,0.23,1,0.6308888
09879b828b5606d1881b9ec596b6cb9e52282527,apache/ignite,2018-04-19 12:44:26,0,1,0.52,1,0.8046032
eca5c5a410e324e7f2bddf780fab540446fabdc8,apache/ignite,2018-07-13 16:57:35,0,0,0.0,0,0.03793263
3a4f23bfebbbc515ecafdf9b97cf1b5d99d5dbf6,apache/ignite,2018-04-09 11:33:13,0,0,0.15,0,0.0069133844
c41466f480aca524f7a9da2891d1988c0e82bc43,apache/ignite,2019-08-01 13:14:50,0,0,0.18,0,0.3241127
014023453ac8c3bbdb5f9636a2b3d843de91d2f6,apache/ignite,2019-11-16 00:40:49,1,0,0.43,1,0.8220993
eeebfca0bddbf31b10a86a6725e2c27933fdb0ae,apache/ignite,2018-01-12 07:37:20,0,0,0.03,0,0.0075767105
ef27473f0db87869d7843ff94cc6d16d5a810722,apache/ignite,2018-04-02 17:43:14,0,0,0.2,0,0.4530337
b1584a8f2636d390b3f8cc754ce1195ccc797807,apache/ignite,2018-10-23 09:05:23,0,0,0.03,0,0.013640914
edef7add03696eab54f02ac3f8ebbb174a2f26ab,apache/ignite,2018-03-22 11:47:06,0,0,0.11,0,0.21940978
76e1fe754d7a8bd059d7ab64d17cbefa4913a702,apache/ignite,2018-05-24 15:11:47,0,0,0.05,0,0.19151081
8cb35e112f441b3754d651d83562278ba47f73ef,apache/ignite,2018-05-17 09:19:36,0,0,0.14,0,0.20831023
0e3404281666668741fb8600d6e9021cccabe6d3,apache/ignite,2018-11-28 12:51:15,0,0,0.14,0,0.2941774
2a048bd0b1de3bf4a4ac418dd792c1e4aaa2c0ce,apache/ignite,2018-06-06 14:20:18,0,0,0.07,0,0.01838844
a9d40a708bffeb2c3762e5cfbc00f9c33b02cd4d,apache/ignite,2018-02-01 09:43:02,0,0,0.19,1,0.6913798
3a775313747211869cba9bb828cde87b8fb7c75f,apache/ignite,2019-02-14 17:49:28,0,0,0.15,0,0.16071533
8f9be71883f8de0f5b97e17e849f35af99e271f6,apache/ignite,2018-01-09 16:13:06,0,0,0.12,0,0.4166213
3f3239b907ef0f038d1673f8fdf4f3377d297aaf,apache/ignite,2018-04-20 16:51:59,0,0,0.39,1,0.7544154
e1601f2d3f47438d6c0d963c0b213fa4b8585926,apache/ignite,2018-11-08 09:56:22,0,0,0.01,0,0.0018550334
fae726a85942fd529affb8748e1c67573637a401,apache/ignite,2018-01-22 16:16:51,0,0,0.06,0,0.13810934
174e9cb5506268e764b9b542c6cc22d3f92dd06e,apache/ignite,2018-07-17 13:58:17,0,1,0.51,1,0.8240534
7577c8770eaf29e21f1d46f650af1d8fbd891c42,apache/ignite,2018-11-27 08:45:12,0,0,0.42,1,0.87915015
42161cdd5eafb6403aa6ed4beb75d2645f16f944,apache/ignite,2018-02-08 12:29:42,0,0,0.06,0,0.04689442
c7bf438e62284d741e3e533b7100e930065e1d23,apache/ignite,2019-05-07 19:45:47,0,0,0.03,0,0.013209508
a719aa9cafdf372aeaf067c5cecfc43b7e09989f,apache/ignite,2018-11-13 07:38:28,0,0,0.05,0,0.020086879
23607216cae8e10e34952fd4b1f12ec2fc3a3e5a,apache/ignite,2018-11-13 13:52:21,0,1,0.83,1,0.9359104
be9079d222da53da8ba6d0f8d1817eaf7ebddc77,apache/ignite,2019-02-04 12:36:29,0,0,0.03,0,0.1020176
25d38cc98c4ca098679d69ad90fc8bed66e6916d,apache/ignite,2018-02-07 11:28:04,0,0,0.07,0,0.01788378
54da8388e4126a076552b5945dc0f742296885c4,apache/ignite,2019-07-20 11:26:46,0,0,0.2,0,0.48351768
79278e074e313e9ca23b5ccc97926e1f5d5cc031,apache/ignite,2018-05-29 15:39:02,0,1,0.58,1,0.71385276
e7ee88aa82b3c59eb1ae671e2d33f1307f17162e,apache/ignite,2018-03-14 13:51:54,0,0,0.08,0,0.17753683
110f8d2eca1d1c0e16fb00a1499e1c104457b2bb,apache/ignite,2019-10-01 07:18:53,0,0,0.24,0,0.4830194
493e0aa9e8451d36ff504560cc5309e8cd04a616,apache/ignite,2018-12-01 16:33:14,0,0,0.25,0,0.32834324
3f14d2b35d7818196598e8541590186e06b8edbb,apache/ignite,2018-05-25 09:01:10,1,0,0.31,1,0.6319837
cd0ead329e7621a50bc0dc2aaa9acaab83c5eb78,apache/ignite,2018-09-18 12:10:16,0,0,0.26,0,0.27774778
b7279d1ec212f9b9264d816ed52bd56b7fea63d2,apache/ignite,2019-04-25 15:48:42,0,0,0.06,0,0.040349998
e153114d4312b9e4def3e8e007720a99cabe6a76,apache/ignite,2018-09-18 09:44:06,0,0,0.02,0,0.0052955314
3e75f9101411f0a6bf72aee1e52b2fc3507792ab,apache/ignite,2018-08-15 11:42:42,0,0,0.04,0,0.018405346
10aa02aca4ff573413d6155e1a42a1be34087d82,apache/ignite,2018-06-15 09:48:24,0,0,0.05,0,0.0014515573
9b0ce92d9f60004ec07cff137d7b0582c644a500,apache/ignite,2018-12-03 15:08:53,0,0,0.03,0,0.051087625
98ef925933f392d419f70b2fcf51e3655b08b290,apache/ignite,2018-04-11 12:32:52,0,0,0.04,0,0.005854119
3197f9b48d658a0ca19388612d87f4e5bde5e15c,apache/ignite,2018-12-29 13:58:23,0,0,0.16,0,0.29584062
577e632e7c32ed973dde0aa04b137f3b041ff49f,apache/ignite,2018-01-18 10:14:53,0,0,0.05,0,0.06047261
afeee5120c8b53550bdf6455c6ebe576c52864c8,apache/ignite,2019-01-21 12:26:41,0,0,0.06,0,0.13866659
27ea976af2a485fee1c1f0713e224404d534614f,apache/ignite,2019-04-02 14:44:46,0,0,0.47,1,0.7628518
9e21cec024168105fd30bfb3acecf9fd24a52e8c,apache/ignite,2018-04-16 17:20:49,1,0,0.24,1,0.51906914
ccf9c1ce33b5513372beed0ee8463ed3684e35e9,apache/ignite,2018-10-11 07:42:10,0,0,0.38,1,0.78277045
534fcec827bf7a95f100a2f1fbacb908b9d88878,apache/ignite,2018-05-10 09:05:37,0,0,0.05,0,0.051105842
0b4282be26b4d042637ce57821e9a3448043d56d,apache/ignite,2018-11-27 16:31:51,0,0,0.12,0,0.21987854
d53a91f0ff6efd678308726403a24b07133156a4,apache/ignite,2019-01-18 10:54:36,0,0,0.03,0,0.043338783
c5e723c533a336802ba0fa6b9e9f361182db16ff,apache/ignite,2018-07-31 13:25:50,0,0,0.06,0,0.27785006
bf2c46a0b8266562bf4697dc8e3e9443059f9abb,apache/kafka,2018-08-17 22:44:08,0,0,0.19,0,0.3216282
83b058a0d13955ade43440963f480c7fe3d94c6a,apache/kafka,2018-02-13 04:54:30,0,0,0.07,0,0.027745502
825fa3fa09b89e9ba9d38a92c1b01bd170494efb,apache/kafka,2019-04-05 18:00:48,0,0,0.16,0,0.37211123
c00bd38ab27ceaee174be8ce803c64000c5730ed,apache/kafka,2019-10-22 22:36:53,0,0,0.1,0,0.1597556
d030caf9561e306556f5e0ab323bb382e967138d,apache/kafka,2018-02-13 18:19:33,0,0,0.13,0,0.30267096
37efc79eb82e0f290d0d2a17f24001f2cbc922cc,apache/kafka,2018-04-08 18:54:22,1,0,0.22,0,0.34060508
a028f597d7ea042c414e9669d2261c1423a96f95,apache/kafka,2019-07-31 21:19:46,1,1,0.58,1,0.89478904
e26d0d760466c3da6189637a7de69eb5509e7b51,apache/kafka,2018-02-23 23:31:50,0,0,0.06,0,0.34880507
9313e18fbbd974a17bfd132fe8b9ea594b26a97a,apache/kafka,2018-04-04 02:23:06,0,0,0.21,0,0.44334093
62171781396b613b6be8e13a2541ab0895b9bb6b,apache/kafka,2019-03-21 17:03:09,0,0,0.11,0,0.15531111
9ff490509f860a729f20777c5c9d38267c44f7a1,apache/kafka,2019-04-23 03:34:59,0,0,0.05,0,0.0805626
53d4267c59177cd826e1b0645168b1e9330bdbcd,apache/kafka,2018-04-05 07:06:14,0,0,0.01,0,0.055942427
7f19df29ac60ec9aef1dbd14704a2dd045b1cfbf,apache/kafka,2018-05-26 00:55:21,0,0,0.08,0,0.17142351
dc935c4beb49a83497536902f96c19fb7f472d41,apache/kafka,2019-01-21 03:31:20,0,0,0.02,0,0.1245854
c903d5767e7432db04ac93c4db8712ff08d9b93b,apache/kafka,2018-06-13 21:31:51,0,0,0.0,0,0.005129943
fa41521687ebbe429fdc37a11e6512a369a26c21,apache/kafka,2019-12-06 19:20:16,0,0,0.22,1,0.654725
b5da5f8bec2b87c13f82d57be8e38a397c61366e,apache/kafka,2018-01-29 04:17:48,0,0,0.19,1,0.58761996
5be47a2f269ad5356a19c353c1e53e20bf9c140c,apache/kafka,2018-05-22 18:23:47,1,0,0.43,1,0.6590566
49b5206a82d0a47e01f4c5f7098119440061a1bb,apache/kafka,2018-09-30 23:52:55,0,0,0.33,1,0.840597
4a274bc9fd2ac3714788af0429fde8945a48636f,apache/kafka,2018-01-26 19:35:54,1,0,0.12,0,0.36167228
4f5a5eb579a20cf86eaf5018663d44e5592d0401,apache/kafka,2019-07-10 21:48:38,0,0,0.04,0,0.04034098
3e4176fdd653f002ce878d99ba5c05389c8b6cb4,apache/kafka,2018-01-31 01:16:59,0,0,0.17,0,0.49055213
a79d6dcdb687b1df911af024946880a5d9d5490a,apache/kafka,2019-01-24 17:26:51,1,0,0.04,0,0.030350067
ac385c4c3a770728848438f28f4acb8854ffc868,apache/kafka,2019-09-13 22:48:36,0,0,0.24,1,0.72199315
9b476bc5f4a2fdbd62ad84e50e65331c21b321d0,apache/kafka,2018-11-30 18:31:07,0,0,0.21,0,0.37886974
2264613c4e2f51f1332671db50b6af6284baa6fc,apache/kafka,2018-01-30 22:14:50,0,0,0.13,1,0.60822034
637355138a426eb678b2cc9348ac07f970f20764,apache/kafka,2019-02-12 19:58:26,0,0,0.01,0,0.0065957834
96d95e947a2445890e410024721dd3aef5eab576,apache/kafka,2019-11-01 18:55:29,0,0,0.06,0,0.051023837
52007e878aaac3f48d0d949dbe428a2ae5e56f57,apache/kafka,2019-10-05 00:07:30,1,1,0.71,1,0.8280537
52191c34986431673580575264c5c0414ae20243,apache/kafka,2018-01-24 21:24:23,0,0,0.19,0,0.107624024
625e0d882944f74568464037c3a8aafb585079f2,apache/kafka,2019-01-11 21:38:00,0,0,0.0,0,0.055274714
88443b4a3718a848188db9f5152c1077b15f1159,apache/kafka,2018-12-14 03:31:58,0,0,0.05,0,0.043697763
050fdd6537fcfb640277ff5e1607e44d18c0d95f,apache/kafka,2019-05-15 08:17:10,0,0,0.06,0,0.2283016
b79e11bb511e259c8187d865761c3b448391603f,apache/kafka,2018-02-20 17:15:31,0,0,0.12,0,0.22161682
0d55f0f3ec8f97bc250b325481f6f2fa70f52a5c,apache/kafka,2019-03-25 16:58:11,0,0,0.04,0,0.19623384
2d0cd2ef54029cfb592ab5762f16214ef5d0101f,apache/kafka,2019-09-19 22:36:32,0,0,0.1,0,0.2510757
193c77968251a06b2393d1d286425a4f4ec97d10,apache/kafka,2018-05-22 07:15:40,0,0,0.03,0,0.03817877
fa2c61e23fdf41be1f19d6c8c60eae9bfe52ff80,apache/kafka,2019-10-17 18:42:10,1,0,0.32,1,0.5636845
e4de328daba2d337929b26dad8e3993b97e9715b,apache/kafka,2018-08-15 08:05:30,1,1,0.59,1,0.81669176
d28c5348197256db09b59d1ebbfe7db9d3934f47,apache/kafka,2018-10-29 17:51:07,0,0,0.1,0,0.45481914
c55277cd79f103d9c686b9698f9f63208fdee272,apache/kafka,2019-10-15 04:22:55,0,0,0.09,0,0.22315274
240d7589d624b72fa95e2f84a84778bc3a127927,apache/kafka,2019-03-07 02:19:47,0,0,0.31,1,0.5652481
c8d80073c9d68c4e7fce695118fb52093fa39d45,apache/kafka,2018-01-26 18:49:17,0,0,0.25,0,0.46941215
7d70133b7529f144b760cb914ec64da25ba561a7,apache/kafka,2019-05-20 19:02:22,0,0,0.21,0,0.47441006
53eb8df344c376ed651db83a084f962083df8a6d,apache/kafka,2018-12-22 06:43:55,0,0,0.25,0,0.48889112
8cefe977eb61759baaad644cf1a15020dd3c13ae,apache/kafka,2019-07-15 23:38:24,0,0,0.16,0,0.40493253
abc09597db86091c5273348e74be07b63c31a189,apache/kafka,2018-11-15 21:39:18,0,0,0.02,0,0.04001399
1d873a9de9ad98d9f3120fa2ff59c3372650775b,apache/kafka,2019-07-12 22:29:10,0,0,0.05,0,0.15090439
cb93d764613d801a1185989f09ce2d6b76009020,apache/kafka,2018-01-30 18:18:51,0,0,0.08,1,0.50689024
99737588b6db7647d0d03b7306f143714fbae4d5,apache/kafka,2019-07-09 18:46:07,0,0,0.46,1,0.78019744
176ea0d0f9b4386cdc0e3b9bab560a11e3d3d516,apache/kafka,2019-02-01 22:17:52,0,0,0.01,0,0.13305457
04a023e302d1c02c32bba1653303bc0d40140f18,apache/kafka,2019-04-11 18:16:06,0,0,0.12,1,0.5487975
b6d1450012734a841fdf85400636593092cf7e2b,apache/kafka,2019-01-05 10:56:15,0,0,0.13,0,0.48666468
be02dbe287f94064fd15b40df1d455342cb512c6,apache/kafka,2018-07-20 08:16:20,0,0,0.0,0,0.09281199
148b5be74b7addde6d5a0c0f8f6011f3f27647ba,apache/kafka,2018-10-15 07:59:20,0,0,0.05,0,0.07076307
add662907d8002a4c38196c4d8654a0db19a061a,apache/kafka,2019-08-27 16:55:51,0,0,0.02,0,0.19473629
b395ef418237a37b95d6452f0111998f63c047db,apache/kafka,2019-05-16 11:35:01,0,0,0.05,0,0.017411247
509dd95ebbf03681ea680a84b8436814ba3e7541,apache/kafka,2018-10-16 11:07:49,0,0,0.04,0,0.048263084
c65e19ae95549f7dc49eec3e5fd3cc2de84687d9,apache/kafka,2019-09-06 07:54:53,0,0,0.0,0,0.0017680638
e56ebbffca57741d398283e46073ed4170f8f927,apache/kafka,2019-04-20 18:30:20,0,0,0.01,0,0.0035033752
92688ef82ccbeee6014ae9c1db64fb4289b7bdd7,apache/kafka,2019-09-25 15:58:54,0,0,0.02,0,0.051190116
731018222c19a260f2c576b27946bf0a8eb2167e,apache/kafka,2019-11-06 19:01:27,0,0,0.05,0,0.009506281
1f523d9d72ad3008664146e1d2a5b40861b06072,apache/kafka,2018-04-19 23:14:32,0,0,0.03,0,0.046561267
b5ce093a24d0fe212b5d1374330fc720b4913bee,apache/kafka,2019-03-20 00:27:32,0,0,0.0,0,0.026548468
8b57f6cb3a7ea6d27169b91456355433ccfa2974,apache/kafka,2019-12-13 22:07:21,0,0,0.01,0,0.09399826
04e206154ac614b7d4d34a7a1b6ba2c882f607b9,apache/kafka,2019-03-08 17:30:00,0,0,0.2,1,0.73613065
898ad8271ac80d30ae7e1446d3d811996c4b5d9e,apache/kafka,2019-11-14 16:25:12,1,0,0.06,0,0.02087512
4ca8e40e2f4ab415657d1e07ee868448802f4565,apache/kafka,2019-03-15 01:42:07,0,0,0.04,0,0.038563345
e54ab292e7e2fd1d18e82387a586969ba57eb7ea,apache/kafka,2019-06-13 13:48:15,0,0,0.07,0,0.008185153
fbd06ec00c42a937ba06943431ae99ea2da31c4b,apache/kafka,2019-09-16 20:13:06,0,0,0.37,1,0.7501935
13caded15e21bff450f6f042e86f856046e0f40a,apache/kafka,2018-02-16 23:03:32,0,0,0.12,0,0.3819407
5e543ae10832808a9d7efef363603f07695d4368,apache/kafka,2019-08-09 07:19:38,0,0,0.08,0,0.09361041
8c64aa080a9c49f84b62817b6d6a804af34d4f48,apache/kafka,2019-12-18 15:39:16,1,0,0.16,0,0.13650863
cc4157d8773dc7f8b4fd771211bb24cc645e1341,apache/kafka,2018-06-11 20:32:03,1,0,0.19,0,0.40074143
d930e5d3d85697a9a851ab2de98e7d8ca567d001,apache/kafka,2019-03-04 23:57:45,0,0,0.12,0,0.1600598
a8c17e36c3239f33925b061d99a5d1d1074bbc67,apache/kafka,2018-06-15 06:00:33,0,0,0.05,0,0.207338
f1f719211e5f28fe5163e65dba899b1da796a8e0,apache/kafka,2018-09-20 22:55:10,0,0,0.11,0,0.013173605
9660ecd4ec3a6656a116458a084b7c461f29c1ee,apache/kafka,2019-10-17 18:45:43,0,0,0.08,0,0.24368525
ba8fb6ec7094e1e31da25b39f9e6d872ed9b9fdd,apache/kafka,2018-07-17 02:30:10,0,0,0.02,0,0.029144686
93fd5707fab218abb2c9d13b034608f0a606bfc7,apache/kafka,2018-04-19 18:51:24,0,0,0.0,0,0.14776362
b96aa003b6793c749a8d8f2ec1e2f2e3da8af01a,apache/kafka,2019-05-16 13:16:31,0,0,0.13,0,0.1584678
c9ec292135f26d1d70a40809026a420e4092f1c3,apache/kafka,2018-05-25 22:38:59,0,0,0.04,0,0.037079714
42af41d5fc991c392b75396352903b4d919da5d3,apache/kafka,2018-07-26 16:31:02,0,0,0.1,0,0.31853202
924466ad627d96fd1851722fdbb02dd6cd71eafa,apache/kafka,2018-08-04 16:41:09,0,0,0.14,0,0.23004743
36b00300f5a9117abb4e8570c1714b3023a0ab01,apache/kafka,2018-02-14 17:53:49,0,0,0.29,1,0.55145764
c7db82b59a145735fce227436c6191d1825fe384,apache/kafka,2019-06-18 00:11:11,0,0,0.01,0,0.02303346
9ee00c4b6661a590afcd5fb390bd0abaa3dcce1b,apache/kafka,2018-03-22 22:37:28,0,0,0.02,0,0.030203594
4bbbfaf39c79fc5dfa7fbc22842717b0fad13503,apache/kafka,2018-09-18 08:01:54,1,1,0.53,1,0.7876398
f982f61fbef07970114f3c59ddb212f3e223cd46,apache/kafka,2018-12-14 04:33:25,0,0,0.32,1,0.64738584
446be127f7f7089b349dc5a75bc1af67589b22f6,apache/kafka,2019-11-29 11:47:10,0,0,0.01,0,0.028092608
298a9bc397878ddc755b91c44aef0c928be6eaf9,apache/kafka,2019-07-03 04:14:06,0,0,0.41,0,0.46306217
8259fda6953be6c87829af80eb85b1c63e86b65c,apache/kafka,2018-11-13 16:38:42,0,0,0.01,0,0.17541783
c2bee988faa3c338fdc275aac9f638bb652b38a0,apache/kafka,2019-04-22 20:08:27,1,1,0.52,0,0.46179298
c552c06aed50b4d4d9a85f73ccc89bc06fa7e094,apache/kafka,2019-11-05 12:51:25,0,0,0.1,0,0.017655013
59d3a56740a8c668ff8151b88d00c7adc371a50c,apache/kafka,2019-06-06 13:58:58,0,0,0.04,0,0.09660504
42771eb37d6abd0a34220d30773e559680bdf9b0,apache/kafka,2018-05-07 16:44:45,0,0,0.0,0,0.022834167
bab3e082dc48bc3db68692694bd114a39b41fa68,apache/kafka,2019-09-17 04:48:25,0,0,0.28,0,0.41610628
a4c0b1841a9fe69d040128129293db201f81fe4a,apache/kafka,2019-05-30 21:58:53,0,0,0.05,0,0.11452865
e0824e26ec194dddbc3397b8c4725b84f72c482c,apache/kafka,2019-10-09 17:32:05,0,0,0.03,0,0.00930271
8966d066bd2f80c6d8f270423e7e9982097f97b9,apache/kafka,2019-10-16 16:49:53,0,0,0.0,0,0.013189422
c140f09406b119d86d43bba6248d17fe0120a4dd,apache/kafka,2019-05-19 02:18:14,0,0,0.06,0,0.0098041035
0e0fd4fe8d8b3701b38dfdcd875fb4f4f98d23c2,apache/kafka,2018-04-18 00:53:39,0,0,0.08,0,0.21716931
ca6ac9393bae9161465275cb8f836bc987a5098d,apache/kafka,2019-03-18 08:51:50,0,0,0.08,0,0.005135102
2c08d7e39e3c7e0a65b0255db3c86d3e259cedbf,apache/kafka,2018-01-22 22:38:31,0,0,0.0,0,0.003098738
24b3844fe4163dbf7c6fcdffdf3531d052ec8e08,apache/kafka,2018-06-28 21:46:26,0,0,0.02,0,0.023449868
f3c4240e6cd4237b1160328fb037708de138a05b,apache/kafka,2018-02-20 21:39:45,0,0,0.0,0,0.046386145
c015169aa6ae835978cadbcb1d17a123e8c475f8,apache/kafka,2019-10-24 14:28:29,0,0,0.14,0,0.299274
0e08358da4b114834140c720b98125a2a3a84caa,apache/kafka,2019-04-17 16:07:25,0,0,0.11,0,0.040729705
cb2f024f87aa1d4848eb059b15fefd7eca028a73,apache/kafka,2018-06-01 21:48:44,0,0,0.02,0,0.036617395
5216839d8bcda5c00825a0f4be866a525d948da8,apache/kafka,2019-06-25 22:22:44,0,0,0.08,0,0.26507297
a30ecc67556e46e423a16e725bd712eb72ab338b,apache/kafka,2018-05-22 16:57:11,0,0,0.03,0,0.15154435
d706c87cb2a7e060ae22ccb7809b5d588bb3d6b5,apache/kafka,2018-01-26 19:14:57,0,0,0.19,0,0.3054661
d3e264e773c4652f34b40c7c3b494c0f7fbabffc,apache/kafka,2018-06-21 17:02:58,0,0,0.18,0,0.1734369
b03e8c234a8aeecd10c2c96b683cfb39b24b548a,apache/kafka,2019-03-01 01:39:47,0,0,0.03,0,0.038563345
5701ba88f895ac9211f25c15204d6281aed00ffc,apache/kafka,2018-01-18 16:45:22,0,0,0.05,0,0.10605554
4712a3641619e86b8e6d901355088f6ae06e9f37,apache/kafka,2018-11-30 06:29:50,0,0,0.1,0,0.065575734
d61a592c8a5ee2279760c2c7c72550160032bf8a,apache/kafka,2018-01-02 18:54:20,0,0,0.12,0,0.48807538
905f8135078127e08633400277c5829b10971d42,apache/kafka,2018-10-11 02:08:21,0,0,0.08,0,0.0058275545
dd8af2b23d7b58ad6d850cf9acc0eaca73681863,apache/kafka,2019-12-15 19:44:31,0,0,0.02,0,0.024761183
855f899bb523f3b334f711926a7db4cc75ebb4b4,apache/kafka,2019-05-16 20:08:49,1,1,0.58,1,0.8530737
1e04f5d2348d91fc18d4e0f330c231919663be1a,apache/kafka,2018-01-28 02:08:51,0,0,0.39,1,0.66321045
5d2bf6328e1c5b054017419cf4de562dc8a3ec7a,apache/kafka,2018-07-21 04:01:10,0,0,0.33,1,0.6520367
a87decb9e4df5bfa092c26ae4346f65c426f1321,apache/kafka,2019-12-17 00:37:40,0,0,0.02,0,0.0054988884
47fdf228605534302811287f77553d3c5303284e,apache/kafka,2019-05-15 02:36:05,0,0,0.28,0,0.2670973
4fea3e4f1ab9ee1f0a714c80297b782ab5b15067,apache/kafka,2019-12-11 00:27:16,0,0,0.07,0,0.2107449
9ba898edc7c834259c3676402337f74b62aaba99,apache/kafka,2019-09-17 21:29:46,0,0,0.3,0,0.46029255
3c46b5669de856f4510b8d291a8af7dbd809c07b,apache/kafka,2019-02-28 17:33:53,0,0,0.04,0,0.041413054
4ee5182f35d612daa223f890b9eaad08655b761b,apache/kafka,2018-02-07 19:53:07,0,0,0.11,0,0.3158902
8e975400711b0ea64bf4a00c8c551e448ab48416,apache/kafka,2019-03-12 16:53:29,0,0,0.03,0,0.0029154436
8662efbad24c859aeee5c3b469dbc907e39ff82d,apache/kafka,2019-03-06 18:56:44,0,0,0.28,1,0.72301424
2fce203a54483d9f229304a7ed3e963cc15f983b,apache/kafka,2019-10-15 04:47:50,0,0,0.18,1,0.54676723
87bf5c36504d5f5353d98994d5c31d033bea00b8,apache/kafka,2018-10-09 16:58:12,0,0,0.1,0,0.017888429
75e37d7e2063b726aa0185f4b695f32cde69d95c,apache/kafka,2018-01-18 21:12:44,0,0,0.04,0,0.09205402
8ded496c9be619fe29d00b406b3c1e094abc202c,apache/kafka,2018-01-16 23:13:30,0,0,0.14,1,0.5814637
d997dc65a434558961a842fd2006a6ed36cd1ac7,apache/kafka,2019-08-01 18:47:21,0,0,0.1,0,0.31484714
69a63304de53ea10858f842b8db03932a05cc671,apache/kafka,2019-11-15 18:41:12,0,0,0.02,0,0.009949167
594a0e1a07f57cd99faa0020b727c4af87be8fad,apache/kafka,2018-06-06 19:54:15,0,0,0.05,0,0.023667254
e3524ef350830e3e1fa918ec0ae93b09d51fcf37,apache/kafka,2019-07-20 00:04:23,0,0,0.22,1,0.63610923
1667c16be1747ae2ffaab410a5903ad284209456,apache/kafka,2018-02-21 16:58:35,0,0,0.18,1,0.51649356
ba5fd3c8a40836dd91389e566253affb0677776f,apache/kafka,2018-06-05 18:12:57,0,0,0.24,1,0.56854564
e1c407973f5c4a7af6b80c1a9be92ab1635de665,apache/kafka,2018-01-08 19:14:54,0,0,0.48,1,0.8549096
ac35ef6242d6893223af946f3c9438b8b4294389,apache/kafka,2018-12-08 17:36:14,0,0,0.35,1,0.533742
9d8ab3a1a29371699da6dcc998117522f4e72ccf,apache/kafka,2019-11-22 18:09:13,0,0,0.13,0,0.3398925
a7e771c6da72bb7f3c5c5cbab3dc9c4fd403f866,apache/kafka,2019-06-19 16:45:35,0,0,0.01,0,0.033559542
f0b1b46486ca67a5d44b68ee076af0d6e986764a,apache/kafka,2018-06-12 06:02:19,0,0,0.09,0,0.27304888
b9f11796944056a5b3c7440033d587d19290b3c3,apache/kafka,2018-08-04 20:57:18,0,0,0.13,0,0.40057254
39afe9fe0eea057a53d85ec645ea2dcba54b29f7,apache/kafka,2019-09-09 02:49:13,0,0,0.05,0,0.16311194
9fbb0de5fc493f9186d23ccdf03b772ccc01e1d4,apache/kafka,2019-10-01 01:11:37,0,0,0.28,0,0.4481844
ab1fb3fdde95be535b97eb1c8c21ef32896f891a,apache/kafka,2018-12-03 20:37:31,0,0,0.09,0,0.21297954
c955828095b28d9533b98fc979e4a768c28263d8,apache/kafka,2019-09-20 16:25:19,0,0,0.07,0,0.16957694
caca1fdc90b6ef877385b044b2a3230f8e6e9874,apache/kafka,2018-05-11 18:38:02,0,0,0.0,0,0.026599694
14171fa8b43e445afd7731463e0b548422602712,apache/kafka,2018-05-30 18:13:24,0,0,0.0,0,0.03714366
9295444d48eb057900ef09f1176e34b37331f60b,apache/kafka,2018-12-28 21:58:05,0,0,0.02,0,0.032174204
fb9b0dfde5f674e2aa9f9948e2f14bc7698413ae,apache/kafka,2019-10-09 17:34:19,0,0,0.06,0,0.12695675
c85152f5b96a0904b7b503f8edb1485e41daca05,apache/kafka,2019-05-04 14:52:53,0,0,0.01,0,0.0036261205
b94c7f479b917d4ec602c31a24f11390627c479b,apache/kafka,2019-11-23 06:05:03,0,0,0.03,0,0.03050366
f324754852a297319ac8b0ea119e48741a0dd61c,apache/kafka,2019-10-17 07:00:39,0,0,0.01,0,0.11058038
2a0abe55f0b13ef0e9d136551e29a8fae137c3b7,apache/kafka,2018-10-02 22:44:33,0,0,0.02,0,0.096066825
e4c8e3e758cbc0b5826885644da69bb7fc3c35ef,apache/kafka,2018-04-03 14:40:12,0,0,0.01,0,0.012784145
d76805f0fd2d65e9fb5582e4e0d30c1bd3fccd89,apache/kafka,2018-10-05 00:37:53,0,0,0.03,0,0.1107015
4444a31edbcf0298f3299b5708c0eb1f5121f131,apache/kafka,2018-12-03 06:11:04,0,0,0.07,0,0.038257033
9947cd40c617d4e12690b81a2d28624355580e34,apache/kafka,2018-05-12 00:19:11,0,0,0.02,0,0.007910486
55bfea13789c3898ce4c9259a5fad74192c1bfb0,apache/kafka,2019-05-30 19:50:30,0,0,0.04,0,0.025173387
74c90f46c34727be9484e9826ff543b451ada775,apache/kafka,2019-07-27 06:13:37,0,0,0.0,0,0.016424872
bcfe8c76dd5a5b2913813cfd2ff733b7fa94a130,apache/kafka,2019-12-09 20:23:39,0,0,0.07,0,0.08553386
c441528b93a05da58ad1a8599c4de35e2c14ff16,apache/kafka,2018-12-17 12:57:01,0,0,0.04,0,0.2898792
2298c7f84fd0e29b304eb11078bfe76ca5b04a97,apache/kafka,2019-10-19 20:45:36,0,0,0.01,0,0.0375746
9ecadc4df474d9cfbfda3256f01eba1423cf5902,apache/kafka,2019-03-12 20:35:25,0,0,0.09,0,0.03336088
fc0d0021cc74bf957b3ebf7e5d98e40f718fe1c4,apache/kafka,2018-03-29 23:24:34,0,0,0.03,0,0.004853498
d7a5e31ca2f694fe0f5aaf8536ea30400fc19d3e,apache/kafka,2019-06-21 15:30:05,0,0,0.02,0,0.040969405
f20f3c1a97b8a31a2f211cd66506fb823f420c55,apache/kafka,2019-03-15 16:53:21,0,0,0.29,1,0.6562176
5ca9ed5ede4f03cdef54cdbce70be3fdf052157d,apache/kafka,2018-05-09 17:34:44,0,0,0.17,1,0.5292542
a41bc7274b8902036ff75e0b25181d6ed80acd5d,apache/kafka,2019-11-06 01:53:11,1,0,0.38661,1,0.6179353
9f5a69a4c2d6ac812ab6134e64839602a0840b87,apache/kafka,2019-04-10 19:10:47,0,0,0.46,1,0.6911221
e2c15e0eeb8e853aead9ef5e307930fd781b38e4,apache/kafka,2019-06-12 13:33:03,0,0,0.32,1,0.6418957
5d0c2f3b2ad3cb12c8727b4fbf3a64c25ece6209,apache/kafka,2019-11-22 07:40:19,0,1,0.54,1,0.82876265
05cba28ca7aafd3974e9e818be08f239b6162855,apache/kafka,2019-07-08 23:53:02,0,0,0.0,0,0.09576027
ee352be9c88663b95b1096b7a294e61857857380,apache/kafka,2018-02-17 02:30:12,0,0,0.12,0,0.47839072
369d89f2080586773b5a3cc432cbcf655aa1f625,apache/kafka,2019-03-29 21:16:56,0,0,0.2,1,0.5133167
901eb3688337a0e173ef7fcff9b3384926520c08,apache/kafka,2019-05-28 20:55:38,0,0,0.0,0,0.09576027
2e53fa08af6aba8200f4c7846a8e8e568b56560d,apache/kafka,2019-01-15 19:52:48,0,0,0.02,0,0.033594288
515ce21c74743171df6cb069b4754f68fe7f2233,apache/kafka,2018-05-04 15:39:56,0,0,0.06,0,0.12607197
6a03d3b42cde89c921777d100c9107407f206de4,apache/kafka,2018-10-05 19:46:13,0,1,0.58,1,0.84160805
d18d6b033e09515adff19225f8ec6845ca34c23b,apache/kafka,2019-08-30 13:46:07,0,0,0.03,0,0.03419811
9077d83672a4d08273ce4a6012f1787f5313f948,apache/kafka,2019-05-17 22:10:11,0,0,0.02,0,0.0024687673
191f2faae07b6608b0601dc2caf204b196a8fc47,apache/kafka,2019-05-01 15:58:02,0,0,0.14,0,0.4881454
1d7f0b7c58f212d555c4f2ce766c2ca38f93a1cd,apache/kafka,2019-09-25 15:20:51,0,0,0.27,1,0.6932575
bcc712b45820da74b44209857ebbf7b9d59e0ed7,apache/kafka,2018-01-16 18:47:29,0,0,0.17,0,0.35646147
be58580e14be93618f11e609389ff6bb16317702,apache/kafka,2019-11-05 18:34:11,0,0,0.1,0,0.30420873
5987c76153085cdf729a72f22bfce9e2f815234f,apache/kafka,2019-10-25 04:24:55,0,0,0.26,1,0.58095366
173a7e3d54ede6616037d6c55057417dfeb44ab9,apache/kafka,2019-03-11 14:18:52,0,0,0.02,0,0.035507254
e275742f850af4a1b79b0d1bd1ac9a1d2e89c64e,apache/kafka,2019-12-19 14:13:03,0,0,0.04,0,0.10702529
8264492deefa594567573fecd19fba3068bf3d6f,apache/kafka,2018-06-06 15:55:57,0,0,0.32,1,0.7220499
7cb0a1ef4f4a7c08a56cb9b84d482e60ed5f20f3,apache/kafka,2019-06-23 08:30:28,0,0,0.01,0,0.033388432
4223ef61060673e95077abfe6aca27bc0f71fffa,apache/kafka,2018-04-10 19:48:38,0,0,0.01,0,0.035507254
af983267be7a2d0f81527f5a348af377f30caee4,apache/kafka,2018-05-04 15:42:01,0,0,0.02,0,0.035507254
c5665e6945c8e63ddfb1056c4893f16cae1f6f99,apache/kafka,2019-05-01 07:28:10,0,0,0.09,0,0.09096226
3991d81f6c645bdf36c58e3d56b829ff92dbff3a,apache/kafka,2019-01-08 21:32:53,0,0,0.01,0,0.033388432
711c817254eaf62d91b0d783fdd04c5f1915fa75,apache/kafka,2019-07-02 16:40:54,0,0,0.33,1,0.5663851
f123d2f18c55b1cf2edb452aeb87e6ad0743c292,apache/kafka,2018-09-10 20:14:00,0,0,0.02,0,0.032272648
bf8a4c2ce7291e2f92fca297e970f668b4b85066,apache/kafka,2018-03-14 10:12:15,1,0,0.15,1,0.5342072
5d5a2ce4bba4b42b3652d0126d1d2dab979a3e07,apache/kafka,2018-03-28 14:03:39,0,0,0.12,0,0.18115628
0d461e4ea0a8353c358ae661837f471995943bb0,apache/kafka,2019-02-22 18:50:55,0,0,0.08,0,0.028739797
da6063be4ff2499ea2c65fec2a7975e0cf48e7b7,apache/kafka,2019-05-29 13:25:07,0,0,0.02,0,0.16262834
ad3ccf8f317bd28b6527fd4d5089ce8f0a37479f,apache/kafka,2019-09-06 06:03:13,1,0,0.37,1,0.8236148
4148d79880948a928a211c88d7280c748780c8aa,apache/kafka,2019-08-12 03:42:24,0,0,0.11,1,0.6112447
c7836307c3588ed5d267f32eabcd7dfc0dbeec80,apache/kafka,2019-04-17 23:21:59,1,0,0.06,0,0.05849216
13a7544418a139d3b2f3891da796cfa33065cbec,apache/kafka,2018-08-09 04:22:36,0,0,0.04,0,0.09435488
95b46a12e5a74da2699b3472c639cc82b28cea96,apache/kafka,2018-05-22 04:10:17,0,0,0.06,0,0.10790446
015e224b3d3c8e7bc412686ff22d5e99324b1019,apache/kafka,2018-02-15 09:26:34,0,0,0.08,0,0.059835605
234b54c2c46fb7e7e60b3cedd5be642925f1da19,apache/kafka,2018-02-14 02:36:35,0,0,0.01,0,0.1165539
347b37e31945b54fb96fc7dacc2b2deed40e8e5e,apache/kafka,2018-06-18 20:43:01,0,0,0.33,1,0.8383657
1dd85a328f437643a5c135f242c644f47c3767e4,apache/kafka,2018-08-24 00:53:10,0,0,0.16,1,0.51004076
410e00cbcb7dd664dcd1f451eca57e5882985186,apache/kafka,2018-06-19 21:10:13,1,1,0.7,1,0.9250156
3b5d7aee6cb9f191eaf647576ae39d3d8ebc941f,apache/kafka,2019-05-21 17:54:26,0,0,0.07,0,0.16703682
c9c3adca43fb066de0e16c65d381981c313cfb0c,apache/kafka,2019-10-14 19:38:33,0,0,0.5,1,0.7310454
07647c2a4cc56fd47a6092c72131aa15b34bf819,apache/kafka,2018-07-17 18:42:08,0,0,0.16,0,0.1358479
86b1150e18d3fe0a0e3019e034e2a6f0204f7a17,apache/kafka,2018-10-16 14:24:50,0,0,0.03,0,0.10982175
555d05971e16123a497ad423ef4786e0831b2101,apache/kafka,2019-04-17 21:17:32,0,0,0.08,0,0.22608356
1acae2a67c8fce071bfe7a373187bdff209f1705,apache/kafka,2019-03-22 13:27:58,1,0,0.45,1,0.846342
acd3858ea69e676a7840d998240deb32aee62dc0,apache/kafka,2018-09-11 21:08:42,0,0,0.01,0,0.034275744
89cf515aecd1ce3a5265a5df94357b3b55694522,apache/kafka,2018-08-24 15:53:54,0,0,0.09,1,0.6293185
b006205edb57117c5a399647b4352b06953e9e84,apache/kafka,2019-10-14 20:15:03,0,0,0.2,1,0.55076826
40432e31f7c5b0e0992a51621dc8b1c0e3d3103f,apache/kafka,2019-08-30 21:48:46,0,0,0.0,0,0.12418308
eb61410a002e95a623425cc89348216a8da56ffe,apache/kafka,2019-01-14 00:57:08,0,1,0.71,1,0.7575446
2fb9b03d6f19abada6babeec777a4452e989bc15,apache/kafka,2019-02-08 21:47:53,0,0,0.33,1,0.73469037
8fb5b3701307f7ce597083f41b3c812680f7195d,apache/kafka,2018-05-10 00:06:47,0,0,0.06,0,0.13921094
c1351c34a9ebb61a721d9f41495dc9adf356a697,apache/kafka,2019-12-18 17:16:42,1,1,0.61,1,0.78681874
6e7149b77a10ac6aa4da2edd549f468015170236,apache/kafka,2019-01-09 14:03:28,0,0,0.09,0,0.11774284
de4f4f530a92473edb3665c94ac386d5c53cc893,apache/kafka,2018-06-13 17:27:35,0,0,0.01,0,0.11715632
7fadf0a11ddb2451adc66e1b179b84b050ad3f4f,apache/kafka,2018-11-27 00:07:15,1,0,0.46,1,0.6775943
d04699486d4203cf53afcc6aeb2abbffdd5e1b9c,apache/kafka,2019-11-19 01:36:00,0,0,0.448305,1,0.7937271
c62dd1e92e44551c138c28e9cc628084481da8ee,apache/kafka,2019-10-03 17:11:28,0,0,0.0,0,0.049605947
b66ea874406c3b4d59b23e47e036cbdd4c843c7a,apache/kafka,2019-09-05 08:21:01,0,0,0.0,0,0.0049540563
35ed7b14cc8f943b4fbc9945a93eecbff7b72ab2,apache/kafka,2019-08-11 18:44:30,0,0,0.03,0,0.01349533
8bf20bb58637a59aa816e9d9668741a15fe9b55d,apache/kafka,2018-05-28 19:08:14,1,0,0.33,1,0.7452702
adb3a950ee2d5843673cdf14d5471ded5c0419b2,apache/kafka,2018-10-10 20:31:06,0,0,0.14,0,0.30330744
514936af6f04e00ad908d3835040db5b0d5698c2,apache/kafka,2018-03-24 19:39:10,0,0,0.12,0,0.17203784
5e161736597e0430dd276ac9007d8559733af3e2,apache/kafka,2019-03-06 02:12:47,0,0,0.25,1,0.6224597
e24916a68f8259046be677e7f8c1f365960e0dc3,apache/kafka,2018-06-01 11:09:24,0,0,0.0,0,0.004481844
0cacbcf30e0a90ab9fad7bc310e5477cf959f1fd,apache/kafka,2018-06-03 06:45:44,0,0,0.12,0,0.38026142
b328fc729b79fee6a9d210cf25890068d92943ee,apache/kafka,2018-05-08 23:07:33,0,0,0.06,0,0.10662674
af91eeeb793af2f5b873c48ef8ff636e8b485308,apache/kafka,2019-02-14 18:39:10,0,0,0.11,0,0.3144795
0b8ea7e162e68662fbda6893d188862999d9b427,apache/kafka,2019-12-01 03:37:04,0,0,0.02,0,0.07318222
c6664e1d081155f6a24ac940fa07c2a061e71cff,apache/kafka,2019-08-23 21:34:32,0,0,0.36,0,0.39153334
cb484666f2474747538585ed3b986aed5b02830d,apache/kafka,2018-09-03 15:49:48,0,0,0.32,1,0.516658
935b280540913ade0b2dc1549ba22c4262ee2669,apache/kafka,2019-09-17 16:43:39,0,1,0.53,1,0.794294
7663a6c44daae5d72f38cbba79d728416e11167d,apache/kafka,2019-08-06 15:51:08,0,0,0.4,1,0.8495655
1d8ed875db6ec624cdb8bc15ec677729a42fc13a,apache/kafka,2018-02-22 17:47:13,0,0,0.11,0,0.1754099
8a237f599afa539868a138b5a2534dbf884cb4ec,apache/kafka,2019-05-12 22:31:44,0,0,0.02,0,0.05733013
980b725bb09ee42469534bf50d01118ce650880a,apache/kafka,2018-07-20 08:23:01,0,0,0.05,0,0.009011311
fb381cb6c7c9e1183dfeb88dd94c25134049ece9,apache/kafka,2019-08-30 01:02:27,0,0,0.31,0,0.3862586
83c39969745dc7076e3756439f6842e7431a8c55,apache/kafka,2018-10-21 02:40:53,0,0,0.29,1,0.50845695
3afcbebf39e557448e9bebbf5e3fa0148af1cdd7,apache/kafka,2018-08-21 20:40:33,0,0,0.14,0,0.14202435
1fef10d47f8b7481b4fed8f5366c6780d9c7d733,apache/kafka,2018-01-26 19:43:48,0,0,0.01,0,0.041622978
822abe47db07fcf92e8aa24e920a54239a90348d,apache/kafka,2019-07-03 23:08:39,0,0,0.01,0,0.10418915
f26fbb9adcd66a31740da5c99f14a108bbc24304,apache/kafka,2018-02-26 22:39:47,0,0,0.08,0,0.17986996
926fb35d9dcefd45c1e1d276ee7252b15875f23e,apache/kafka,2019-08-07 08:02:26,0,0,0.01,0,0.17275766
5a30a806ec1502cab34555bfa4df4fc6ed7a7917,apache/kafka,2019-05-20 14:56:07,0,1,0.51,1,0.7500949
e98e239a0c7fd9a500de606b7a05582f1a384da4,apache/kafka,2019-09-23 14:12:45,0,0,0.04,0,0.04264033
beac4c7534ef0cd7be92514a8d92639bf417221c,apache/kafka,2019-09-23 17:11:56,0,0,0.05,0,0.17081077
22612be46dd68255642ca50a1f78fa1790eb4759,apache/kafka,2018-06-07 22:49:57,0,0,0.38,1,0.5798539
055c9c7bd6780436d201f5101df464814ba940e2,apache/kafka,2019-06-04 19:14:35,0,0,0.07,0,0.07702232
f0a29a693548efe539cba04807e21862c8dfc1bf,apache/kafka,2018-03-21 23:24:59,0,0,0.23,0,0.35693768
64c2d49cf5c8b1cecbd7601dc2d1577fc606ab1e,apache/kafka,2019-05-17 15:06:06,0,0,0.16,0,0.37216803
4283fd640cbad7af9d4d5da25b6a7d4edb985a1e,apache/kafka,2019-11-08 16:53:38,0,0,0.08,0,0.16888061
59a75f4422a68d2e1edc661264058f040139fde5,apache/kafka,2019-10-28 14:57:50,0,0,0.0,0,0.06641192
f9f0b5c6755c7481699e67d27fb53e03d1493d12,apache/kafka,2018-08-17 23:13:59,1,0,0.32,1,0.6778822
3aa909575d3f978a5045200986eb692eebd47ab8,apache/kafka,2019-04-20 01:44:27,1,0,0.11,0,0.15658362
157aadbbf38f6255208678058df506005cc066fd,apache/kafka,2019-10-02 14:57:52,0,0,0.2,0,0.39795497
462342210fd5d6f571d26b8af838fe77d5c5ca48,apache/kafka,2018-04-18 16:18:45,0,0,0.06,0,0.016375821
1815e01188e1f1f7c71acc9fb6466dbae8e47c9e,apache/kafka,2018-04-03 15:58:13,0,0,0.39,1,0.73490983
8968cdd809a54ec82a206f04cf296ea15207cb7a,apache/kafka,2019-12-10 16:01:31,0,0,0.2,0,0.31459445
ad84eb5e76cb8db7c27355a2f121c0642a692980,apache/kafka,2018-08-14 18:44:58,0,0,0.2,1,0.5469773
6975f1dfa9864728605a7e430cf929b3280aae2b,apache/kafka,2019-10-23 19:39:31,0,0,0.08,0,0.22075759
86b4d9d58fc990939b654382adde7d86a4f4c24c,apache/kafka,2018-09-24 16:25:54,0,1,0.58,1,0.786395
7c5d0c459f1d4a8796e3b5af925f40fd4f8a69fa,apache/kafka,2018-02-26 20:25:53,1,1,0.65,1,0.7117926
3ef6b0fce05a6ecdf7a703ff48680b16594b7bc4,apache/kafka,2018-12-12 16:28:58,0,0,0.03,0,0.011858338
88823c6016ea2e306340938994d9e122abf3c6c0,apache/kafka,2018-09-18 21:19:41,0,0,0.02,0,0.012173433
38ed69241f928530b13a31edfe918c0e695e2e9f,apache/kafka,2019-11-10 07:11:39,0,1,0.53,1,0.7922117
a94c8da5083381d9ca4224b1489e1dc205bf55bb,apache/kafka,2018-12-11 08:40:18,0,0,0.42,1,0.7922925
55aa7de62adf6a99e6d6268c832b61de6b37d416,apache/kafka,2018-02-16 16:24:04,0,0,0.21,0,0.26787272
f99bb0466e9c8845963b350f3ad9b353db72fd5a,apache/kafka,2019-10-03 04:02:33,0,0,0.01,0,0.054520234
eae5ae3b047b776fa144064b45cf7a6a62e285c6,apache/kafka,2018-10-17 18:03:16,0,0,0.05,0,0.034487955
2e5d4af83f6b9f87fc84c0ff10462a5414ff8cb4,apache/kafka,2018-04-02 00:37:00,0,0,0.13,0,0.3961982
4962c8193e2faa589914be52962c701aba0980d1,apache/kafka,2019-09-17 16:46:40,0,0,0.12,0,0.020969119
f65f3a878fc23c658ba2e62f9a1863a7b3d2bd4f,apache/kafka,2018-05-20 01:44:20,0,0,0.09,0,0.1433897
d10023e8d3093eaa6b0b3afa04c7ea1b9bee6c30,apache/kafka,2019-03-29 21:08:20,0,0,0.33,1,0.6910333
fa57eb065d032c225f63a0b2ca3f050e728c2235,apache/kafka,2019-03-20 02:27:03,1,0,0.17,1,0.6573801
70e13f032e6f594d021787583e1982225eea9388,apache/kafka,2018-06-13 04:03:19,0,0,0.06,0,0.28414857
975b680bcd74661eeecf21052f6185cd637bbeda,apache/kafka,2018-12-12 16:37:09,0,0,0.18,0,0.41551322
57320981bb98086a0b9f836a29df248b1c0378c3,apache/kafka,2018-06-30 21:27:30,0,0,0.07,0,0.010166355
3ca204b427971af161fa3550c46d9ec796e8b401,apache/kafka,2019-10-02 14:54:08,0,0,0.04,0,0.010459275
626fbc60dd546166f953d83f6ab1c29de31f764b,apache/kafka,2019-04-29 19:55:29,0,0,0.09,0,0.009302838
a4c292173618e22b3f99ab8615c6b585c7688a40,apache/kafka,2018-06-09 23:10:31,0,0,0.07,0,0.34548467
83281ba0e49693207b8c657dc4cd6c0f6d130928,apache/kafka,2019-02-21 07:17:58,0,0,0.47,1,0.70952356
dfd545485ab0399e0c129ff2d68fbb3113f3e8c9,apache/kafka,2018-11-27 21:07:34,0,0,0.04,0,0.0068048947
63e4f67d9ba9e08bdce705b35c5acf32dcd20633,apache/kafka,2019-05-13 20:36:26,0,0,0.03,0,0.24730858
e3c2148b207a6ca98c89211d12cb47abdfaa70b3,apache/kafka,2019-10-08 22:24:31,0,0,0.01,0,0.05460499
320f7b0d7afd75c6d76ee33770461e93bef43689,apache/kafka,2019-08-03 21:03:15,0,0,0.02,0,0.034777
0566dfd3cedc13e2c0357378cc100c1ec9bd585a,apache/kafka,2019-09-26 02:35:13,0,0,0.23,1,0.5261814
4a027a0af10bc10bb223856100fdc19c6186a405,apache/kafka,2018-02-24 20:07:42,0,0,0.01,0,0.004317436
5236a3e5ec35b02ad3b40e904997b91b82e9f36d,apache/kafka,2019-05-11 18:20:15,0,0,0.07,0,0.17565033
27b56b1458d0af0a397e9f47ecd008c10c088c6d,apache/kafka,2018-02-14 20:43:57,0,0,0.16,0,0.26722887
0560193706bf7c7dbe39d8baa65129d765ca9868,apache/kafka,2018-03-19 11:55:29,0,0,0.32,0,0.3988063
872df553fc03557d87dc43f4762641da9f874c2e,apache/kafka,2018-11-05 19:22:56,0,0,0.05,0,0.009993279
aca027e96cff818177e52196f676a9d3a2a980b4,apache/kafka,2019-01-27 05:38:19,0,0,0.17,0,0.49357122
caecc16b5cc9c85acda50d68384a1ff9ebf930c9,apache/kafka,2019-03-01 16:54:57,0,0,0.36,1,0.5336122
607dea234f30a0c40d5a48f518a51372e02fa0a0,apache/kafka,2018-09-17 16:22:36,0,0,0.08,0,0.13698474
e4827fdbe8b9296124c6f0862205e592c15e2de5,apache/kafka,2019-12-09 16:20:06,0,0,0.12,0,0.4214038
f90b7e9cb4478c41031d495d45cb37dfcf343e43,apache/kafka,2019-10-21 20:02:55,0,0,0.06,0,0.010266926
56bc5074858e1b8793a74697570ceeb948bdb2ce,apache/kafka,2019-10-29 17:15:39,0,0,0.0,0,0.030782895
d413117769efea0d5212ce29445049918209fd03,apache/kafka,2018-12-20 16:55:25,0,0,0.31,1,0.74264455
1ae92914e28919a97520e91bfd0e588d55eb1774,apache/kafka,2019-06-17 20:46:48,0,0,0.06,0,0.12026612
74fc3323a5815fad80318e96a88dc2164c700809,apache/kafka,2019-09-03 20:48:19,0,0,0.17,0,0.46310255
666505b72f1baaf5f37fac4f59fa26d93d833f63,apache/kafka,2019-09-26 07:28:05,0,0,0.01,0,0.013486838
4e35a2bfb7f3b0437a27bb58b8cb39339f750064,apache/kafka,2018-04-12 16:35:37,0,0,0.18,0,0.4512389
5144660040839cee6e213b5146c1ae44340eddb0,apache/kafka,2019-05-08 04:35:17,0,0,0.11,0,0.22031742
1669b773ba31f7bb3395ec536be7c17bc98ab9fc,apache/kafka,2019-06-11 14:04:44,0,0,0.02,0,0.0013906214
31a5f92b9f657d3b0f65ad2abfc2a085958621c9,apache/kafka,2019-09-03 20:47:17,0,0,0.24,0,0.4921165
9f8c3167eb2fcab158147eb4fefdabc933b8a3a1,apache/kafka,2018-04-05 08:41:42,0,0,0.01,0,0.03795389
f69900cd1e6b17196e88321062e865d6585c6423,apache/kafka,2018-05-10 22:49:39,1,1,0.55,1,0.6302313
5fa2de43ec2dfd7cd5e1db9f5e66f373d6ec91d5,apache/kafka,2019-11-01 18:53:21,0,0,0.07,0,0.29424942
e6fe4c13deb9ca814513a8c12d79dd76af658762,apache/kafka,2019-08-14 14:58:28,0,0,0.21,0,0.25982368
b21e933592a4893d1341a251a96b546e1b0ce3a1,apache/kafka,2018-11-16 23:28:47,0,0,0.14,0,0.15436845
19681f6b95a5076af7020475f46d0bbe9f6015e1,apache/kafka,2019-11-19 18:05:09,0,0,0.02,0,0.17146794
2c2b30d96b7d30037d3ee69ebbf985cd88557af9,apache/kafka,2019-07-31 21:00:49,0,0,0.0,0,0.079785444
caf349923646ae4c572ab58ecc02371b2f5babe8,apache/kafka,2019-10-15 19:18:20,0,0,0.0,0,0.0018584162
4be68c58da6bbd16cb5682dbf1c9b5b1c93500a7,apache/kafka,2019-02-07 00:42:02,1,0,0.17,1,0.5023193
0667fe2bfda95b756faa589896b7da52622ef871,apache/kafka,2019-04-09 09:20:37,0,0,0.07,0,0.10858131
35a0de32ee3823dfb548a1cd5d5faf4f7c99e4e0,apache/kafka,2019-02-21 17:05:13,0,0,0.14,0,0.33073083
27bb3ccaceae52c730b2c02d72c63a84060966f1,apache/kafka,2018-03-19 20:30:13,0,0,0.21,0,0.16431536
c32860b22427ca32a9e83e4f741b85062bb22140,apache/kafka,2018-02-06 19:33:49,0,0,0.05,0,0.008178104
c23bf7a360c5854380fa74df55f1f65df102c97c,apache/kafka,2019-04-03 15:47:51,0,0,0.06,0,0.084499724
e018bfe2b050b55b479bbabb9fc26ebcc211b177,apache/kafka,2019-05-17 22:50:45,0,0,0.22,0,0.23556021
c968267bf1362a91eca8bb22566da76d6c9aeb26,apache/kafka,2018-08-23 20:39:35,1,0,0.47,1,0.54069173
7283711c0d99d484b10dd7c460f7df01a319fc2b,apache/kafka,2018-12-04 06:59:54,0,0,0.0,0,0.02166275
172fbb2dd55144e2e44777174f970b56768e1777,apache/kafka,2019-04-22 17:15:46,0,0,0.07,0,0.00728688
f93c473be1d24774f9c2d29576b063835f8d2737,apache/kafka,2019-10-17 05:40:57,0,0,0.08,0,0.46569517
051379ea5df6b9906a8fd97cb41a0a6d584b8f03,apache/kafka,2019-05-28 23:34:03,1,0,0.42,1,0.72536397
2afac715666347a30ac54cef1485db369288b478,apache/kafka,2018-03-17 06:34:16,1,0,0.21,0,0.44366968
53b10a37a42769b0c1b91c3a66fbe7f60917cab5,apache/kafka,2019-07-17 16:42:57,1,1,0.54,1,0.54506844
4616c0aaff5766b6305baeed521efdfaae0094e8,apache/kafka,2018-12-22 06:56:32,0,0,0.13,0,0.39927113
4824dc994d7fc56b7540b643a78aadb4bdd0f14d,apache/kafka,2019-02-25 05:50:07,0,0,0.07,0,0.044907227
c615c597aa24cc5a4552102f1b6d27fcf4e24d12,apache/kafka,2018-01-26 17:24:40,0,0,0.12,0,0.27656233
9e294cbca22e9da5f491792e8a8b0f9b27047fd0,apache/kafka,2019-10-01 13:34:05,0,0,0.21,0,0.11647909
4fc649d85cc5e2fc19ef6fcc222303687ecfd0b8,apache/kafka,2019-10-23 00:11:58,0,0,0.25,0,0.3920968
d2f37944b6043ff443adbdf547d5bd335affbc1a,apache/kafka,2018-11-15 21:26:58,0,0,0.05,0,0.19561692
247ccd7ac97234d91ba8c6c58a54272e89cd81b4,apache/kafka,2019-02-17 02:43:48,0,0,0.01,0,0.2197699
a7d0fdd534ef55533a868ea7388bbc081ee42718,apache/kafka,2019-08-02 16:51:03,0,0,0.02,0,0.013899281
ecb71cf4719e6d22d6738f8df2fd9e16dad33295,apache/kafka,2018-11-09 18:31:04,1,0,0.11,0,0.15401144
59ae73482d17f1bd19a27afd4c8624747b10274e,apache/kafka,2018-08-08 22:41:02,0,0,0.04,0,0.04806767
0a8205cb45667fd7d001f21e4e0412220b1abec1,apache/kafka,2018-09-28 20:07:57,0,0,0.03,0,0.0026308743
67fd88050ff8968d5d51a4b37b5af701f26b1ba3,apache/kafka,2019-11-09 05:07:48,0,0,0.01,0,0.0036864025
6cae2577bad5895a922dee96fdcd69182ebb7d0c,apache/kafka,2019-01-19 21:14:50,0,0,0.26,0,0.35182527
545d40d83c73445d0417b1bf3b6e979501888ae7,apache/kafka,2018-11-13 21:30:34,0,0,0.23,0,0.4326014
ac79d4904797aad99b9481b4e34789402b259664,apache/kafka,2018-08-02 10:14:21,0,0,0.15,0,0.49321774
2627a1be2cf5ef865fd1da0bc81680df9612655a,apache/kafka,2019-02-26 05:26:59,0,0,0.1,0,0.3342909
4b7148a5b66d2207c4c6ef1d2729ce32ec6f8bcf,apache/kafka,2018-10-16 04:04:01,0,0,0.17,0,0.42049643
075b368d47ad3144518e4d425f9155e35f15f418,apache/kafka,2019-04-18 22:45:34,0,0,0.2,0,0.33961833
724032bd06ae6928595ad3d5d21ead7f9e834d34,apache/kafka,2018-03-12 23:32:19,0,0,0.05,0,0.25798014
4d1d995a115939da51a8ad93f9df91e05ec0c808,apache/kafka,2019-06-21 16:55:31,0,0,0.11,0,0.26681304
04f284400a33acae2eff1a615d48236dd313b531,apache/kafka,2018-10-08 21:23:55,0,0,0.07,0,0.36886945
70a506b9839605304a0a67b70e711a1139b47cbe,apache/kafka,2018-05-22 00:28:40,0,0,0.18,0,0.19503391
11f3db0b731739017174e488670e529af4dc22ae,apache/kafka,2018-01-17 19:25:50,1,0,0.23,1,0.51865584
8308829e46fcc4903b9faa3d2dcdf10f56f262fe,apache/kafka,2019-05-08 03:25:37,0,0,0.0,0,0.07972602
f3ab1e5b9e429a930bb3f9fd5a26dd12730c5110,apache/kafka,2019-01-13 19:43:48,0,0,0.16,0,0.37720603
d31762a0c2ec1fc8e2a0fce4b38d9e5be0fd9dae,apache/kafka,2018-08-21 15:21:46,0,0,0.01,0,0.04556115
7f35a6713434dd7f2ccd3897aef825d34582beab,apache/kafka,2019-12-20 01:05:19,0,0,0.18,0,0.21258241
20b2bce29076527214dba58e50bf9b1d2f21a645,apache/kafka,2019-11-14 16:40:16,0,0,0.26,1,0.6277702
3face7fce2489715c040c9756ec05406aaa657d4,apache/kafka,2018-06-11 22:16:46,0,0,0.15,0,0.35085484
01eddce01f94887d5f15d32d8050e8a526599fcc,apache/kafka,2018-04-17 16:39:33,0,0,0.26,1,0.6396102
c9d3debfe44fb09fa1740c645883717e669f0117,apache/kafka,2018-10-27 16:22:02,0,0,0.17,0,0.3524677
ffef0871c2d64bcbc171b129c2057b572c2f41b2,apache/kafka,2019-09-05 20:50:55,0,0,0.07,0,0.25350094
0846f590dac5d3893d41e262d67ee8a228dcc332,apache/kafka,2019-02-18 18:14:37,0,0,0.03,0,0.08033334
c1b30a12b1a01ca0d1e39783884e8180f79ed8b1,apache/kafka,2018-05-22 17:11:48,0,0,0.44,1,0.86814606
8662a022c42b7a6245e8ec54c544fccd8b79b6f8,apache/kafka,2018-04-02 15:35:17,1,1,0.74,1,0.9173883
dc634f18f7ea2ef24d202d6a2380365754005b60,apache/kafka,2019-01-31 18:25:18,0,0,0.32,1,0.66797847
ae31ee63dc3bdb9068543791bea44a12a97aa928,apache/kafka,2018-03-17 17:29:42,0,0,0.05,0,0.09067321
a2e87feb8b1db8200ca3a34aa72b0802e8f61096,apache/kafka,2018-11-28 06:01:21,0,0,0.21,0,0.25139952
989fe0497ec72ea3470a30a9ef47389b48ee5421,apache/kafka,2018-04-10 08:45:08,0,0,0.12,0,0.11998057
b793eaade4fcb0705ab80c2a806331fab8c29f9f,apache/kafka,2018-10-03 16:52:13,0,0,0.35,1,0.67421573
4c602e6130e869abbd111d5d4efe1c2046935c6c,apache/kafka,2018-10-15 12:21:15,1,0,0.01,0,0.037607625
1ed6da7cc8eb2231f73509c907c2e67af2f249d2,apache/kafka,2018-01-31 21:23:12,0,0,0.08,0,0.021113934
958cdca9bece8b65ceb204e1c7a14cf44729bb66,apache/kafka,2018-09-09 01:01:01,0,1,0.78,1,0.93233454
4cb8f56b45f3bfb596fb00ef2cc88938fc66f364,apache/kafka,2019-02-20 00:14:13,1,0,0.19,0,0.19990794
f1c112c63d8223e62cf9e2f31cc42321f1e6dada,apache/kafka,2018-03-09 21:57:04,0,0,0.21,0,0.19909948
d92eb0d8d85cc24256499eff97672141493fb90b,apache/kafka,2019-05-15 02:11:07,0,0,0.2,0,0.3987715
d086e83fecbf211695868f6aebe6a80b68ff1c50,apache/kafka,2019-01-02 23:00:40,1,0,0.38,1,0.6967972
fab8b7e676bcaf4faf84d563ab48e3ebee61b4ab,apache/kafka,2018-06-15 21:52:28,1,0,0.42,1,0.5126178
d801c4fc69398ab96fa8a90feb0fb94ffc5d1ac5,apache/kafka,2019-04-23 03:26:42,0,0,0.3388023317435082,1,0.74096864
a65940cd820c68ee9613c7ff54676560cd01f88a,apache/kafka,2019-01-25 21:17:39,0,0,0.06,0,0.059725706
b7d7f7590de405d8d527c32ca9f067e073e9d83b,apache/kafka,2019-04-15 23:27:19,0,0,0.03,0,0.12875135
046b0087bd76637bbfd813ccef31693fa358ff2d,apache/kafka,2018-12-11 09:54:41,0,0,0.23,0,0.4350331
1db46673661cf6dcb7f2fa2565262b04cf580367,apache/kafka,2019-03-06 17:52:09,0,0,0.11,0,0.18193638
6be908a8296456adee254b405605acff55fd47a5,apache/kafka,2018-04-26 00:49:02,0,0,0.32,1,0.5150243
394aa7426117d0d04666c1c2a63d5f98229b7894,apache/kafka,2018-03-16 23:02:11,0,0,0.29,1,0.5424316
16b408898e75b00ddf6b607246833cdbcd56f507,apache/kafka,2019-05-16 15:16:00,0,0,0.09,0,0.012164635
71e721f1354739b183fa7c58a3483098c6832928,apache/kafka,2019-04-07 14:43:09,0,0,0.15,0,0.3166253
98094954a27849b027831a7401e965c6a949790c,apache/kafka,2018-05-30 04:35:22,0,0,0.04,0,0.09352601
743607af5aa625a19377688709870b021014dee2,apache/kafka,2019-01-23 19:00:23,0,0,0.03,0,0.036679994
7afcb3a64c53831f05f99037dfa07aba1d396c48,apache/kafka,2018-05-09 01:57:34,1,0,0.04,0,0.12581472
407bcdf78e06f83f2b358d2cbd96aed348a5c28f,apache/kafka,2019-05-06 21:26:22,0,0,0.27,1,0.59789723
8a7d7e7955889125b1196caeded6fa57d93a0b46,apache/kafka,2018-03-05 19:06:32,0,0,0.33,1,0.7565206
8fb5e63aa88019216e95fdbe0b6874c723b64bb4,apache/kafka,2018-10-02 19:57:31,0,0,0.08,0,0.11119278
0ecb72f59da6491edc96b99b147b4983be794acf,apache/kafka,2018-05-09 10:46:36,1,0,0.24,0,0.44505423
65b5ccf6413369aa4f21c72abcdf31ca72a79b00,apache/kafka,2018-02-07 11:29:08,0,1,0.57,1,0.88809925
7bd81628d9f6c21649e615e73ed507520fd74fd9,apache/kafka,2019-04-15 22:56:36,0,0,0.17,0,0.40493792
102490ea0caba93631c4dc7ea05a64c0117331b7,apache/kafka,2019-07-08 23:11:17,0,0,0.0,0,0.06803737
ba3dc494371145e8ad35d6b85f45b8fe1e44c21f,apache/kafka,2019-06-04 04:09:58,0,0,0.23,0,0.4896138
cc43e77bbbfad71883011186de55603c936cbcd1,apache/kafka,2018-04-12 03:50:10,0,0,0.02,0,0.016959056
1fdc8533016e948b1d534145978252209d7612ed,apache/kafka,2019-05-13 16:16:12,0,0,0.04,0,0.020081155
b3aa655a70d92fedfebd32cf469a87b45766fc59,apache/kafka,2018-06-06 14:22:57,0,1,0.76,1,0.98779476
16ad358d64a138fc4b455379745ae1550a93d57b,apache/kafka,2018-05-21 15:37:35,0,0,0.19,0,0.4395323
ea814d78690940827e90950282f40a74ca45eb0f,apache/kafka,2019-07-13 00:18:41,0,0,0.43,1,0.79186094
0875ddeb2381c68afb0e4d5a15b25baf4cde29a2,apache/kafka,2018-07-18 11:27:21,0,0,0.13,0,0.1315788
21b79635474209fcd67d3bf33a70c25f6827c6ef,apache/kafka,2019-02-26 03:59:14,0,0,0.07,0,0.25497863
8e161580b859b2fcd54c59625e232b99f3bb48d0,apache/kafka,2019-06-05 21:10:00,1,0,0.26,1,0.8228382
f0282cb3de9b60d6eea12803103f8ca4d7f45734,apache/kafka,2018-06-17 05:23:20,0,0,0.01,0,0.0034273297
fd5acd73e648a2aab4b970ddf04ad4cace6bad9a,apache/kafka,2018-08-28 19:59:08,0,0,0.01,0,0.01680171
86de2dfd27f96dd3fea0635ad110c63bc639c721,apache/kafka,2019-01-09 14:04:52,0,0,0.05,0,0.011971286
0b3989fd72acc6e989c495c63cb8ca6aa5850811,apache/kafka,2018-06-08 15:13:44,0,0,0.1,0,0.07287811
418a91b5d4e3a0579b91d286f61c2b63c5b4a9b6,apache/kafka,2018-06-22 00:19:24,0,0,0.0,0,0.03454405
578205cadd0bf64d671c6c162229c4975081a9d6,apache/kafka,2018-10-09 22:55:09,0,0,0.01,0,0.027914235
ed51b2cdf5bdac210a6904bead1a2ca6e8411406,apache/kafka,2018-04-23 18:41:03,0,0,0.02,0,0.021941617
c3e7d6252c41d48e74379810595c978efada9efb,apache/kafka,2018-11-16 08:58:56,0,0,0.16,0,0.34563708
5d1bfa0665ce0850ee76cee152e397c23ac329a7,apache/kafka,2018-08-31 11:04:33,0,0,0.08,0,0.1341396
0c0d8363e5787e97cce5e0b9b86486d737a6890c,apache/kafka,2018-04-07 00:00:52,0,0,0.05,0,0.117608674
4ac892ca783acab8e574b9b24d17e767eedb3d5f,apache/kafka,2019-10-07 08:27:54,0,0,0.19,1,0.5633862
0494cd329f3aaed94b3b46de0abe495f80faaedd,apache/kafka,2019-05-15 20:52:59,0,0,0.06,0,0.11578359
69d8d2ea11c5e08884ab4c7b8079af5fd21247be,apache/kafka,2019-01-14 21:50:23,0,0,0.44,1,0.87352127
6d1685fa45da775f9f971121ec53d6135a4561b2,apache/kafka,2018-08-14 00:13:13,0,1,0.79,1,0.9130602
885abbfcd40aab57acec278d976956f07be15090,apache/kafka,2018-04-26 18:30:42,0,1,0.75,1,0.73526084
3656ad93bc7fb74138e36d39575c3b86c319577b,apache/kafka,2019-02-15 16:23:57,0,0,0.29,0,0.48869362
f33e9a346e22e29bb66e0ea0f3442903d136ca67,apache/kafka,2018-05-30 18:54:53,0,0,0.07,0,0.4042189
b62f2a1123612af30d29140efa6d3e89091f87dc,apache/kafka,2019-10-17 05:29:33,0,0,0.1,0,0.18762049
c6635e8d12fa5fed32ac75a727e62332fffa210b,apache/kafka,2018-01-30 23:30:58,0,0,0.17,0,0.30499557
ac9c3ed0b43ee848e6e555a01c55ea2eee78540a,apache/kafka,2018-04-17 20:13:15,0,0,0.02,0,0.05133647
d568f73fc6ece3d29989413174eee0195d3d0a4a,apache/kafka,2018-10-01 23:24:12,0,0,0.11,1,0.60604936
8c5d7e0408a62aa5f414e8b707050bf8e313a57e,apache/kafka,2018-05-26 07:18:41,0,0,0.38,1,0.5968476
3e64e5b9c03f13f58e6a049ff1fed039c6a15d69,apache/kafka,2018-08-15 00:46:40,0,0,0.02,0,0.14507544
aca52b6d2c1381646f211978735be59c0a7de1fd,apache/kafka,2019-01-14 23:41:23,0,0,0.03,0,0.032750383
08e8facdc9fce3a9195f5f646b49f55ffa043c73,apache/kafka,2018-05-30 21:43:11,0,0,0.05,0,0.04193308
53b4ce5c00d61be87962f603682873665155cec4,apache/kafka,2019-07-12 13:42:11,0,0,0.19,1,0.5788846
28f1fc2f55269f43f0b2bb769b78f80b8cc9cf51,apache/kafka,2018-03-28 21:40:21,0,0,0.0,0,0.021652674
b8651d4e82d45463d2c71798bd5852f8a605b440,apache/kafka,2018-09-09 21:25:30,0,0,0.03,0,0.23666286
7fc7136ffd28245629f00870fc7f7cbe1fe1c6ce,apache/kafka,2018-07-26 16:13:50,0,0,0.03,0,0.024756163
32e97b1d9db46cab526d1882eaf9633934ed21bd,apache/kafka,2018-05-07 16:22:26,0,0,0.18,1,0.57062906
a78f66a5ae7865418ee482c535e883598e1ec51f,apache/kafka,2018-01-30 01:21:48,0,0,0.06,0,0.24011385
70d3b19b1126ae64c214615adef590275f218ee7,apache/kafka,2018-01-30 20:55:32,0,1,0.55,1,0.8254466
443091b844d4119637d252a5303568e22d4f1d48,apache/kafka,2018-06-13 23:21:30,0,0,0.07,0,0.1701923
283a19481d1ce4a77f5f465e7b96288db22a8ff1,apache/kafka,2018-09-11 23:16:52,0,0,0.08,0,0.16245817
51935ee2e6dc473415b6708b60c9d47410876997,apache/kafka,2018-06-27 22:09:44,0,0,0.01,0,0.1599171
a64ab91238aa8fc499397374c3589127425fb229,apache/kafka,2018-05-29 23:22:47,0,0,0.04,0,0.033775445
46a02f3231cd6d340c622636159b9f59b4b3cb6e,apache/kafka,2019-05-25 00:20:22,0,0,0.08,0,0.02385771
b814a16b968d144802d08523b5c359d6706f5632,apache/kafka,2018-01-23 16:44:31,0,0,0.04,0,0.06566153
e75e4732c9ad67a5bf7a267346f0774c2a41b4e9,apache/kafka,2019-01-21 06:31:36,0,0,0.01,0,0.16858758
9679c44d2b521b5c627e7bde375c0883f5857e0c,apache/kafka,2018-05-10 01:49:51,0,0,0.26,0,0.47016796
b510737e761e21e63e6ed15e5111358d7515fdd2,apache/kafka,2018-04-20 13:22:28,0,0,0.06,0,0.16613774
c19213ab4139aa1f56f89982448184a5c82f98a4,apache/kafka,2018-08-01 22:01:18,0,0,0.0,0,0.0055958917
3124b070666d3b8cdc0e96067e69b8e7a6245742,apache/kafka,2019-03-22 00:21:55,0,0,0.46,1,0.7893297
16190e9bfd2db13a886b4122127fbe4f96ed8f65,apache/kafka,2018-06-12 19:52:51,0,0,0.21,1,0.54453045
518e9d3eee1b1d2c8c76d68e043edd3cf49139fa,apache/kafka,2018-08-06 16:22:04,1,0,0.02,0,0.12961824
f467c9c2438a8b182083879927ff171a6a2c6f2f,apache/kafka,2018-04-30 15:59:04,0,0,0.41,1,0.79556084
ac542c9a835d3a2dd46f37712c6b5438f56747c0,apache/kafka,2018-04-05 22:29:04,0,0,0.16,0,0.36252913
317089663cc7ff4fdfcba6ee434f455e8ae13acd,apache/kafka,2019-10-18 06:08:35,0,0,0.26,1,0.665847
d53eab16b28a44e24fa2f9d592f536835b29ea22,apache/kafka,2019-09-30 23:28:41,0,0,0.11,0,0.33079645
2e91a310d7bf9e7d4d46b0bc0ca0c11cb4531e10,apache/kafka,2019-05-17 08:37:32,0,0,0.03,0,0.12834813
66039b1312be6356a3cb12efa8e562d2264498d1,apache/kafka,2018-02-23 06:23:14,0,0,0.04,0,0.0031664532
9d2efd83a6a8e5576886dd146eebdb072f4c8d47,apache/kafka,2018-04-30 20:08:34,0,0,0.2,1,0.5055909
efa6410611aa0862065ad804323c280a4d8a372d,apache/kafka,2019-05-30 22:42:04,0,0,0.06,0,0.015951358
4c48942f9d9e1428e21f934746cb7ce22b3df746,apache/kafka,2018-01-31 18:40:24,0,0,0.09,0,0.030999297
2693e9be7412ec03173c8942e9ccfcc24cfbbce1,apache/kafka,2018-02-14 00:39:21,0,0,0.09,0,0.006241555
460e46c3bb76a361d0706b263c03696005e12566,apache/kafka,2019-03-08 00:29:19,0,0,0.04,0,0.032320887
dc91ce58af941b822fbad3b560c35774130848f0,apache/kafka,2019-02-26 15:22:25,0,0,0.02,0,0.11620256
e8a3bc74254a8e4e4aaca41395177fa4a98b480c,apache/kafka,2018-10-26 22:18:15,0,1,0.58,1,0.7855569
cc097e909c7e5b1617565e4456f5328a826eafbc,apache/kafka,2019-05-07 22:20:51,0,0,0.21,0,0.4091549
c6528424dfce22f18a6938f1bcc9409811719dc3,apache/kafka,2019-02-10 08:45:58,0,0,0.09,0,0.27419943
7fe1c2b3d3a78ea3ffb9e269563653626861fbd2,apache/kafka,2018-02-05 18:09:17,0,0,0.11,0,0.22615549
889512202c2a2cfba23e358da08747357b60d8ac,apache/kafka,2019-05-07 20:13:19,0,0,0.11,0,0.118237816
08a4cda34e7535ead76d2a65826ff9e09b8bdd4f,apache/kafka,2018-07-28 14:48:01,0,0,0.15,1,0.5012835
79a2f892caef38f28c3ad837ad28b63dcbb58b87,apache/kafka,2018-08-10 23:12:03,0,0,0.07,0,0.023805382
eecb403bae80b82b6fb7a27bebb5b53d6c8f3115,apache/kafka,2019-04-26 16:30:20,0,0,0.15,0,0.0782665
6f641fef6a88036ab4dacb59ab21bc8b21ef9bcf,apache/kafka,2018-05-07 16:21:20,0,0,0.04,0,0.05332793
053d831992e5351deb174f11f0ecd0ebe7c4ba5a,apache/kafka,2018-06-29 14:37:14,0,0,0.32,1,0.81523544
4d1ee26a136997d31dbd6ddca07e09b34c41c77d,apache/kafka,2019-08-21 17:26:57,0,0,0.22,0,0.45403096
837f31dd1850b179918f83338b4b4487486b2c58,apache/kafka,2018-05-31 06:03:51,0,0,0.11,0,0.04907525
e4f233ed33ffa5076becbd5458520eb2945263ca,apache/kafka,2019-01-07 13:33:58,0,0,0.01,0,0.12942344
4f25f1fb7118825384f89ed9d00c08a54870e3aa,apache/kafka,2018-08-16 16:37:32,0,0,0.08,0,0.046472948
00374c3ddf6c4ecc96f58c6685fd107500b976cd,apache/kafka,2019-10-17 05:53:14,0,0,0.05,0,0.25812355
5a95c2e1cd555d5f3ec148cc7c765d1bb7d716f9,apache/kafka,2019-05-16 21:29:30,0,0,0.08,0,0.11395875
cb6d69cbee42d26006c62abb6ae6cea50b346fb9,apache/kafka,2018-10-24 05:21:37,0,0,0.27,1,0.73322743
9fa331b811d893a0d580e9136c1c7e1fa9774542,apache/kafka,2019-05-18 14:28:37,1,1,0.54,1,0.88850695
1f1179ea64bbaf068d759aae988bd2a6fe966161,apache/kafka,2019-10-09 08:19:18,0,0,0.02,0,0.03235675
0f995ba6be1c0f949320b0879241d9a7c9578436,apache/kafka,2019-04-26 18:44:38,0,0,0.04,0,0.04209167
adbf31ab1d27cda0b62d611e6141d830736a8e2e,apache/kafka,2018-03-27 21:03:24,0,0,0.02,0,0.034706537
b0e82a68b34512d23a5a60a9b5da0db86eb880b2,apache/kafka,2019-05-08 00:43:13,0,0,0.08,0,0.047552742
98296f852f334067553e541d6ecdfa624f0eb689,apache/kafka,2018-01-03 22:02:14,0,0,0.03,0,0.015494829
530bc59de2732ba71e82c0110c59e9f6162531c6,apache/kafka,2018-01-31 16:49:23,0,0,0.03,0,0.075538844
e24d82e0eb66b62b5d74f2c60b1eb5db9f378673,apache/kafka,2018-09-14 18:51:46,0,0,0.14,0,0.2415791
f448e49fbe8c3c609f9beffa2f421fc0b875aa3d,apache/kafka,2018-05-04 22:18:44,1,0,0.18,0,0.2216132
a6fad27372f9a931540c2e4345e428b643535d46,apache/kafka,2018-03-15 20:02:28,0,0,0.01,0,0.03154788
fcdde2c604b7b9488862b3a2dba3b47be7a3d239,apache/kafka,2019-01-04 22:41:59,0,0,0.1,0,0.051863544
c1457be99555063b774db61f526fd0c059721c69,apache/kafka,2018-10-01 02:51:59,0,0,0.11,0,0.31487143
5129ab53ee9a2e46a22a13b1d5300ee139c4999f,apache/kafka,2019-08-14 16:25:17,0,0,0.16,0,0.37260485
a97e55b83868ff786e740db55e73116f85456dcb,apache/kafka,2019-05-09 18:08:22,1,0,0.04,0,0.009817662
9a71bfb9d64dae5d0296d162a01a62d8c13324da,apache/kafka,2018-06-14 04:23:23,0,0,0.27,0,0.49592364
fffb9c5b5cac1a669f22dd99860774d6c0fdb94b,apache/kafka,2018-05-29 23:37:33,0,0,0.04,0,0.002684281
8abbf33b5978b93354ae35c5e21c474816c9cc76,apache/kafka,2018-11-07 16:23:19,0,0,0.35,1,0.7323259
6a2749faa63397caa93dae7bfdc3f1d0573a2ff4,apache/kafka,2019-05-17 23:48:07,0,0,0.04,0,0.26027378
c87fe9402cbebc460b42cd3dd7c268e5e6e659d9,apache/kafka,2019-10-03 22:59:31,0,0,0.29,0,0.4317075
b4fa87cc51f0a7d640dc6ae2cc8f89f006aae652,apache/kafka,2018-06-07 23:35:30,0,0,0.03,0,0.19952922
c4822648ef1bb0cd6825d8dbe465c8a5a26a76bc,apache/kafka,2018-12-03 05:32:05,1,0,0.06,0,0.17568375
09fe51f3eb7e3ddee54cfb210d8a22327d1b0773,apache/kafka,2018-08-03 17:38:46,0,0,0.42,0,0.47125056
a37282415e4e7f682b43abe78517ed18a8dea962,apache/kafka,2019-05-03 17:35:07,0,0,0.13,0,0.2393521
a1808962e56eaaa3657298baad3fc09abcc49040,apache/kafka,2019-05-25 04:29:51,0,0,0.29,0,0.45160496
0efed12f50f683131b31d33d787e2141122a5c11,apache/kafka,2019-01-24 00:00:26,0,0,0.06,0,0.18029894
9eb32eaad5fa3863d60b84ef095fa041e83b7b47,apache/kafka,2018-03-27 16:21:18,0,0,0.02,0,0.2403362
b2826c6c2bfc3360913e63e0b65f9d79e782fd50,apache/kafka,2019-05-09 22:45:22,0,0,0.13,0,0.28009835
b599b395f3d421b3fdb1d25b294778478c2467cf,apache/kafka,2018-04-15 17:13:22,0,0,0.04,0,0.18615477
a42f16f980cba86a8889be8b7499437ecbc2cd42,apache/kafka,2019-03-10 12:00:16,0,0,0.39,1,0.57896316
82f124ae30116b2b7d45878aaeb9699b6bdf1c30,apache/kafka,2018-07-19 22:22:53,0,1,0.65,1,0.79770684
a5924025126a6ab77fd9fb74cf66a180931ffecf,apache/kafka,2018-06-12 22:07:10,0,0,0.16,1,0.5138905
a1352f8c5a96c8e861c17c8105557428a47f4334,apache/kafka,2018-02-08 21:21:56,0,0,0.34,1,0.6479343
42e8c381b15dd48c2f00c088c897ebdd25405aef,apache/spark,2018-12-10 14:28:26,0,0,0.2662023898431665,1,0.617797
99cbc51b3250c07a3e8cc95c9b74e9d1725bac77,apache/spark,2018-11-16 17:51:41,0,0,0.01,0,0.04431863
bdf32847b1ffcb3aa4d0bef058f86e65656e99fb,apache/spark,2018-12-08 19:18:09,0,0,0.05,0,0.25006428
21db2f86f7c196c535e8f0b5675ae48cb2c372f7,apache/spark,2019-09-25 22:16:00,0,0,0.43,1,0.7761906
6f687691ef6212c125f4023fcd79839ee9244049,apache/spark,2019-10-03 18:12:14,0,0,0.01,0,0.03868865
b5a2ed6a37fd8f6630a7b22791a07a45f5aeb556,apache/spark,2019-11-13 09:06:27,1,0,0.42,1,0.7014908
a838699ee06eaa993c6db859d112b16f363f433d,apache/spark,2019-09-04 04:06:01,0,0,0.1,0,0.07430027
f83fedc9f20869ab4c62bb07bac50113d921207f,apache/spark,2018-10-24 19:43:51,0,0,0.07,0,0.1407334
60caa92deaf6941f58da82dcc0962ebf3a598ced,apache/spark,2019-02-18 05:16:28,1,0,0.11,0,0.12801279
36fa1980c24c5c697982b107c8f9714f3eb57f36,apache/spark,2019-12-09 20:41:48,0,0,0.2,1,0.57077694
2e71a6e7ba20743e22a234f5209c1b120f2a7948,apache/spark,2019-11-19 06:05:34,0,0,0.06,0,0.23695809
94eb66593a328dd3fcecc5f5f1772d82843ec14f,apache/spark,2019-12-13 08:12:41,0,0,0.16,0,0.33007443
7f36cd2aa5e066a807d498b8c51645b136f08a75,apache/spark,2019-09-11 00:30:02,0,0,0.19,1,0.7315069
6fb7d6c4f71be0007942f7d1fc3099f1bcf8c52b,apache/spark,2018-05-16 16:40:39,0,0,0.24,1,0.5428932
eef5e6d348e7025f48e8f69026254e07efe80894,apache/spark,2019-09-18 04:12:18,0,0,0.25,1,0.6425611
aa3d16d68b7ebd9210c330905f01590ef93d875c,apache/spark,2019-01-26 04:28:12,0,0,0.14,0,0.3418195
c6a45e6f67abc99d1953d915b96e65a3e2148cf1,apache/spark,2019-05-16 10:22:06,0,0,0.03,0,0.29071057
4ec7f631aa23bc0121656dd77f05767f447112c0,apache/spark,2019-04-11 18:43:44,0,0,0.17,0,0.38725802
89671a27e783d77d4bfaec3d422cc8dd468ef04c,apache/spark,2018-09-20 12:18:31,0,0,0.07,0,0.16056997
8dd29fe36b781d115213b1d6a8446ad04e9239bb,apache/spark,2018-12-21 19:28:22,0,0,0.12,0,0.3201917
fdcd0e71b9bdf64bc73c27cdb7cce69d349cd641,apache/spark,2019-12-16 10:55:17,0,0,0.12,0,0.1974598
11be22bb5e4784578c2f9ec1b80b30b2cf0ac3c7,apache/spark,2019-01-24 02:35:44,0,0,0.03,0,0.004473412
de4feae3cd2fef9e83cac749b04ea9395bdd805e,apache/spark,2018-06-03 04:07:39,0,0,0.0,0,0.028840935
0b19122d434e39eb117ccc3174a0688c9c874d48,apache/spark,2018-04-12 14:21:30,0,0,0.15,0,0.22450618
e11a55827e7475aab77e8a4ea0baed7c14059908,apache/spark,2019-07-08 18:10:03,0,0,0.17,0,0.40953776
b0c95a1d698888df752bd62e49838a98268f6847,apache/spark,2018-07-16 21:28:35,0,0,0.14,0,0.47710463
3323b156f9c0beb0b3c2b724a6faddc6ffdfe99a,apache/spark,2018-04-10 15:32:00,0,0,0.23,1,0.59804225
6ef45301a46c47c12fbc74bb9ceaffea685ed944,apache/spark,2019-05-06 12:41:57,1,0,0.06,0,0.07983447
76e019d9bdcdca176c79c1cd71ddbf496333bf93,apache/spark,2018-02-08 15:41:30,0,0,0.2,0,0.24430646
c132538a164cd8b55dbd7e8ffdc0c0782a0b588c,apache/spark,2018-01-17 17:27:49,0,0,0.15,0,0.34487045
b74366481cc87490adf4e69d26389ec737548c15,apache/spark,2018-01-19 10:48:42,0,0,0.25,1,0.5463992
f340b6b3066033d40b7e163fd5fb68e9820adfb1,apache/spark,2018-01-10 08:45:47,0,0,0.13,0,0.42859942
78a403fab92c263937e96a1673cf5edce7a8185d,apache/spark,2019-05-08 23:41:43,0,0,0.08,0,0.2761583
c5d8a51f3b956c226d38f8fdc9ec644839e8b2f2,apache/spark,2019-09-19 18:37:42,0,0,0.06,0,0.17972255
d332958109d7dc20fef9367fe645108f72a820d4,apache/spark,2019-04-01 15:02:48,0,0,0.0,0,0.020494297
4f175850985cfc4c64afb90d784bb292e81dc0b7,apache/spark,2018-08-10 09:32:15,0,0,0.03,0,0.037505273
1a3858a7694a189f434846b132b828e902273620,apache/spark,2019-06-25 13:24:10,0,0,0.04,0,0.0715603
9c4b99861cda3f9ec44ca8c1adc81a293508190c,apache/spark,2018-01-19 09:38:08,0,0,0.05,0,0.0764627
55e3ae6930af4730b01956ac5f60d0b0d2931134,apache/spark,2018-08-04 16:52:49,0,0,0.04,0,0.21907903
534065efeb51ff0d308fa6cc9dea0715f8ce25ad,apache/spark,2018-06-14 06:20:48,0,0,0.12,0,0.27844405
c3a86faa53c9e49efd595802adc38a6d412ce681,apache/spark,2018-04-23 02:45:25,0,0,0.04,0,0.013603753
28d35c85789edb060dda47a984b5b3f0a27d8bf0,apache/spark,2019-03-19 05:35:47,0,0,0.13,0,0.45305717
a717d219a66d0e7b18b8ff392e1e03cd2781c457,apache/spark,2019-12-09 13:19:08,0,0,0.19,0,0.3237881
ec228976156619ed8df21a85bceb5fd3bdeb5855,apache/spark,2018-01-22 06:49:12,0,0,0.17,1,0.51155335
6c1f7ba8f627a69cac74f11400066dd9871d9102,apache/spark,2018-12-13 15:03:26,0,0,0.14,0,0.34895554
1b575ef5d1b8e3e672b2fca5c354d6678bd78bd1,apache/spark,2019-01-17 18:29:17,0,0,0.04,0,0.04588867
7b2dca5b12164b787ec4e8e7e9f92c60a3f9563e,apache/spark,2018-05-18 07:32:29,0,1,0.51,1,0.80203736
332e252a1448a27cfcfc1d1d794f7979e6cd331a,apache/spark,2019-12-05 08:14:27,0,1,0.86,1,0.8773094
99d2e4e00711cffbfaee8cb3da9b6b3feab8ff18,apache/spark,2018-08-21 18:26:41,0,0,0.03,0,0.0039402777
c02c86e4e81a20774d27bf39b34bae782d195e93,apache/spark,2019-08-27 12:25:39,0,0,0.11,0,0.08913169
a091ee676b8707819e94d92693956237310a6145,apache/spark,2018-03-21 20:52:03,0,0,0.0,0,0.05129918
ba3f6330dd2b6054988f1f6f0ffe014fc4969088,apache/spark,2019-12-24 06:01:27,0,0,0.04,0,0.0034035388
d3d9c7bb0a5397c88e601703ba2b69fc4b92b0a5,apache/spark,2019-03-08 18:14:04,1,0,0.23,1,0.8069372
ca1433b94a702b17e6a1940e59a85af2caaf50fc,apache/spark,2019-03-27 05:32:03,0,0,0.15,0,0.1937323
969eda4a02faa7ca6cf3aff5cd10e6d51026b845,apache/spark,2018-02-02 03:43:22,0,0,0.3,1,0.81880283
7539ae59d6c354c95c50528abe9ddff6972e960f,apache/spark,2018-02-15 09:09:06,0,0,0.04,0,0.015103885
545c7ee00b5d4c5b848be6b27b3820955a0803d6,apache/spark,2019-07-26 17:30:01,0,0,0.05,0,0.2019193
5172190da19a2750e00e1eac00cebfbca1f3c173,apache/spark,2019-04-22 18:05:31,0,0,0.21,0,0.2817933
233c214a752771f5d8ca9fb2aea93cf1776a552d,apache/spark,2019-09-27 18:32:22,0,0,0.03,0,0.03239668
bfc5569a53510bc75c15384084ff89b418592875,apache/spark,2018-12-07 01:57:35,0,0,0.04,0,0.10032155
44c1e1ab1c26560371831b1593f96f30344c4363,apache/spark,2018-10-05 01:58:25,0,0,0.06,0,0.23556513
695f7146bca342a0ee192d8c7f5ec48d4d8577a8,apache/spark,2018-01-31 07:13:15,0,0,0.03,0,0.008999443
6103cf196081ab3e63713b623fe2ca3704420616,apache/spark,2019-12-10 17:51:29,0,0,0.14,0,0.44779268
02d0a1ffd9adb4bf898905095318eb099ed1807f,apache/spark,2018-08-13 01:09:25,0,0,0.08,0,0.16524932
eb037a8180be4ab7570eda1fa9cbf3c84b92c3f7,apache/spark,2019-09-01 15:15:00,0,0,0.01,0,0.029950298
56e9e97073cf1896e301371b3941c9307e42ff77,apache/spark,2018-08-09 12:10:17,1,0,0.27,1,0.7439077
956f6e988cf83cf68f6cea214b3d9045920bca55,apache/spark,2019-09-15 07:17:11,0,0,0.27,1,0.65959406
16da714ea5af9105a98e03d71321949d18590506,apache/spark,2019-11-27 15:16:53,0,0,0.13,0,0.4853325
0cd436be66c0972bddefac41827799c0a644ec12,apache/spark,2019-10-01 18:50:31,0,0,0.01,0,0.1058233
8c273b4162b6138c4abba64f595c2750d1ef8bcb,apache/spark,2018-01-24 18:00:42,0,0,0.03,0,0.38264015
403c8d5a60b2712561044e320d6f9233ed3172bf,apache/spark,2018-12-10 06:44:41,0,0,0.11,0,0.067125574
8ef167a5f9ba8a79bb7ca98a9844fe9cfcfea060,apache/spark,2018-06-01 20:46:05,0,0,0.27,0,0.34699133
441d4c953e223a1dd482a9275860a3a75cefc957,apache/spark,2019-11-04 19:07:54,0,0,0.02,0,0.061299738
5ae20cf1a96a33f5de4435fcfb55914d64466525,apache/spark,2018-10-05 03:03:41,0,0,0.13,0,0.17970937
2d5de25a999e0e5580cf4024937b61e6c9265672,apache/spark,2019-11-25 15:36:39,0,0,0.33,1,0.7365898
aec966b05e8df9d459dae88d091de1923e50e2dc,apache/spark,2018-07-09 21:24:23,0,0,0.03,0,0.015880222
bac0d661af6092dd26638223156827aceb901229,apache/spark,2018-01-18 00:40:02,1,0,0.06,0,0.09346551
5b0596648854c0c733b7c607661b78af7df18b89,apache/spark,2018-06-28 06:19:50,0,0,0.09,0,0.04086914
79b05481a2cff7a0aa34146c72068cc6e41e2241,apache/spark,2019-01-02 04:37:28,0,0,0.01,0,0.005888422
4506dad8a9613d4b6b319c0240119927265a67c1,apache/spark,2018-10-23 19:41:20,0,0,0.03,0,0.0060441666
bd05339171db00c2f2dd89702f9500ed6e1e321a,apache/spark,2019-09-20 05:39:24,0,0,0.01,0,0.018093778
9a75c18290fff7d116cf88a44f9120bf67d8bd27,apache/spark,2018-06-19 03:17:04,0,0,0.24,0,0.37647367
eb8c420edb48315ae4d2ea76c3af51c87f33d810,apache/spark,2019-10-16 06:22:19,1,0,0.41,1,0.6853742
a6fc300e91273230e7134ac6db95ccb4436c6f8f,apache/spark,2018-01-02 15:30:38,0,0,0.02,0,0.11700845
568512cc82562f9f7d7da0a47bc59fafb86f3ebc,apache/spark,2019-05-30 20:57:15,0,0,0.06,0,0.09287038
abef84a868e9e15f346eea315bbab0ec8ac8e389,apache/spark,2019-07-30 21:17:30,1,0,0.43,1,0.74594384
870f972dcc7b2b0e5bea2ae64f2c9598c681eddf,apache/spark,2019-06-22 16:15:07,0,0,0.35,1,0.76787335
a802c69b130b69a35b372ffe1b01289577f6fafb,apache/spark,2018-10-01 16:04:37,0,0,0.05,0,0.0064153667
614a5cc600b0ac01c5d03b1dc5fdf996ef18ac0e,apache/spark,2019-05-07 18:08:55,0,0,0.0,0,0.027892558
a00181418911307725524641254439712e95445b,apache/spark,2018-10-11 21:28:06,0,0,0.13,0,0.15730022
128ea37bda3dbc1d6ba2af762c7453ab7605d430,apache/spark,2019-08-06 03:45:54,0,0,0.01,0,0.051338475
4c37a8a3f4a489b52f1919d2db84f6e32c6a05cd,apache/spark,2019-12-13 23:16:00,0,0,0.04,0,0.085036084
1bc672366d6818eaa86f00cfb5af74891fff33e6,apache/spark,2019-04-03 09:45:59,0,0,0.16,0,0.47638208
da7db9abf61b85860ace714d34ab17810c775e25,apache/spark,2019-03-14 18:41:40,0,0,0.03,0,0.15651804
949d71283932ba4ce50aa6b329665e0f8be7ecf1,apache/spark,2019-04-02 23:27:41,0,0,0.21,1,0.59703314
4bdfda92a1c570d7a1142ee30eb41e37661bc240,apache/spark,2019-01-02 17:23:53,0,0,0.23,0,0.2612369
b6935ffb4dfb1d9fdf36ba402ac07bd02978c012,apache/spark,2018-04-06 17:23:26,0,0,0.12,0,0.2557996
c685b5f56a69abdf77e07e852b9bb2c6f2e715c9,apache/spark,2018-08-30 20:38:03,0,0,0.19,0,0.011844567
1bd3d61f4191767a94b71b42f4d00706b703e84f,apache/spark,2018-07-09 14:59:05,0,0,0.09,0,0.008677622
d3ec8b173558075535133869c5ae3b19b403265c,apache/spark,2019-12-14 21:10:46,0,0,0.01,0,0.0336284
61133cb8a69e7814c3450e84ce9cc9226d7e8ad8,apache/spark,2019-01-07 05:00:10,0,0,0.04,0,0.005957016
52a180f25fced92cb504a7e013dcc3b7c1f86625,apache/spark,2019-02-26 00:40:46,0,0,0.16,0,0.018672394
301bff70637983426d76b106b7c659c1f28ed7bf,apache/spark,2018-07-12 08:42:29,0,0,0.25,0,0.43416104
466d011d3515723653e41d8b1d0b6150b9945f52,apache/spark,2018-11-23 13:12:25,0,1,0.56,1,0.9028018
4576dfde191a6277759ee6b2bb58f89d24278cb3,apache/spark,2019-06-17 15:49:11,0,0,0.0,0,0.06836107
a77505d4d3e5db4413d7fa76610265792d949c64,apache/spark,2019-01-15 06:40:00,0,0,0.14,0,0.10040186
0a2afcec7dac9b18e876f10072e7615f190def88,apache/spark,2019-12-16 05:42:35,1,0,0.38,0,0.4867284
543577a1e8c0904048b73008fa7c4cee33f69894,apache/spark,2018-12-07 18:33:42,1,1,0.57,1,0.8420928
23370554d0f88b82154d4232744b874cc58c7848,apache/spark,2018-03-13 14:20:09,0,0,0.04,0,0.06178729
8bb70b068ea782e799e45238fcb093a6acb0fc9f,apache/spark,2018-02-01 12:25:02,0,0,0.09,0,0.1081983
8d3eed33eee0d6e5d2e4d4907869ca6226d9e37f,apache/spark,2019-12-26 17:39:53,0,0,0.14,0,0.422545
fb60c2a170b40e80285c1255f0635d5ab319cd35,apache/spark,2019-11-04 06:56:59,0,0,0.04,0,0.16989401
fc65e0fe2c8a114feba47d8f7b63628a676dd24c,apache/spark,2019-06-19 22:21:26,0,0,0.13,0,0.49053553
027ed2d11b861a4b38c62452d26ce446794792af,apache/spark,2019-03-23 16:26:09,0,0,0.13,0,0.2603377
80a89873b20aa07e2522bed5da0fc50e616246d9,apache/spark,2019-11-03 19:21:28,0,0,0.03,0,0.048805863
b42ad165bb93c96cc5be9ed05b5026f9baafdfa2,apache/spark,2018-04-30 16:13:32,0,0,0.17,0,0.32125846
722369ee5532c94eb7dd0cbda3b7365fc2f52026,apache/spark,2018-11-14 20:52:54,0,0,0.2238104690089493,1,0.67539084
344e3aab87178e45957333479a07e07f202ca1fd,apache/spark,2018-01-10 17:44:30,0,0,0.25,0,0.42281848
8656af98c000877a815c38df8827af8e9981bcac,apache/spark,2019-02-15 00:54:39,0,0,0.14,0,0.21993236
7dff3b125de23a4d6ce834217ee08973b259414c,apache/spark,2019-12-20 14:55:04,0,0,0.15,1,0.5278165
c6938eab57532a80f7126bf00ae0dfa66dcdfaa0,apache/spark,2019-10-02 03:07:19,0,0,0.32,1,0.75402063
f6255d7b7cc4cc5d1f4fe0e5e493a1efee22f38f,apache/spark,2018-11-15 00:33:06,0,0,0.06,0,0.14769211
270916f8cd8ba01341f2a38a8376e9e4be08a2e8,apache/spark,2019-01-10 16:42:23,0,0,0.18,0,0.29211113
16f2c3ea46a330bff7fae33f2521eb36a6280f04,apache/spark,2018-06-26 22:56:58,0,0,0.02,0,0.13072547
09a91d98bdecb86ecad4647b7ef5fb3f69bdc671,apache/spark,2018-11-28 08:21:42,0,0,0.16,0,0.4081162
54c5087a3ae306ad766df81a5a6279f219b2ea47,apache/spark,2019-11-21 16:19:25,0,0,0.22,1,0.6007992
882f54b0a323fb5cd827d600b3c3332e1fcdf65a,apache/spark,2019-11-19 00:11:41,0,0,0.07,0,0.073104955
32b4bcd6d31b92b179a15f9886779fc5f96404b5,apache/spark,2018-04-21 15:14:58,0,0,0.31,1,0.61222726
5056877e8bea56dd0f4dc9e3385669e1e78b2925,apache/spark,2018-01-30 07:02:16,0,0,0.36,1,0.7380329
8ec25cd67e7ac4a8165917a4211e17aa8f7b394d,apache/spark,2018-08-12 02:23:36,0,0,0.0,0,0.11516928
89e8d556b93d1bf1b28fe153fd284f154045b0ee,apache/spark,2018-02-01 12:28:53,0,0,0.0,0,0.005399297
b10344956d672fca495d0684b351ab5cf9f210d8,apache/spark,2019-10-07 16:33:01,0,0,0.31,0,0.45557296
d8f77e11a42bf664a02124a8b6830797979550b4,apache/spark,2019-03-08 03:54:04,0,0,0.36620238984316655,1,0.7038956
b297029130735316e1ac1144dee44761a12bfba7,apache/spark,2018-01-03 23:28:53,0,0,0.01,0,0.0025992945
4e6f8fb150ae09c7d1de6beecb2b98e5afa5da19,apache/spark,2018-01-17 22:26:43,0,0,0.03,0,0.0065966398
3f9247de1e0395a40071e80cd989e06eb1a85446,apache/spark,2019-03-12 18:38:41,1,0,0.18,1,0.7279277
0345f1174d6019374ed5451140e01c224508bc0e,apache/spark,2019-08-05 04:29:40,0,0,0.31,1,0.7603111
7c3e8995f18a1fb57c1f2c1b98a1d47590e28f38,apache/spark,2018-03-15 07:04:28,0,0,0.39,1,0.8154447
954ef96c495268e3a22b7b661ce45c558b532c65,apache/spark,2019-01-15 21:53:48,0,0,0.09,0,0.08949553
c01152dd22093e9f5d2aa533598e4d4209d30922,apache/spark,2019-01-13 19:39:12,0,0,0.32,1,0.530136
1941d35d1e250f707c0d70782e568c0887741dfa,apache/spark,2019-08-08 08:28:10,0,0,0.0,0,0.15935355
4acbda4a96a5d6ef9065544631a3457e8d7b1748,apache/spark,2018-10-20 01:28:53,0,0,0.18,1,0.50990033
4e073f3c5093e136518e456d0a3a7437ad9867a3,apache/spark,2019-12-02 12:47:23,0,0,0.07,0,0.1471185
56ae32657e9e5d1e30b62afe77d9e14eb07cf4fb,apache/spark,2018-02-01 04:33:51,0,0,0.0,0,0.08954149
e3133f4abf1cd5667abe5f0d05fa0af0df3033ae,apache/spark,2018-10-09 07:46:23,0,0,0.0,0,0.009149442
ffbca84519011a747e0552632e88f5e4956e493d,apache/spark,2018-02-01 12:39:15,0,0,0.05,0,0.012725715
e6b466084c26fbb9b9e50dd5cc8b25da7533ac72,apache/spark,2018-04-20 05:58:11,0,0,0.01,0,0.012158103
32365f8177f913533d348f7079605a282f1014ef,apache/spark,2018-11-19 15:16:42,0,0,0.22,0,0.4756208
3eee9e02463e10570a29fad00823c953debd945e,apache/spark,2018-10-09 14:27:08,0,0,0.09,0,0.012873736
f051f834036e63d5e480d86440ce39924f979e82,apache/spark,2018-02-01 18:36:31,0,0,0.08,0,0.23878482
abe370f97132a835e8a7cf15d4ecbffb0d49eafd,apache/spark,2019-06-13 05:48:40,1,1,0.59,1,0.8804628
a7c19d9c21d59fd0109a7078c80b33d3da03fafd,apache/spark,2018-04-02 19:48:44,0,0,0.28,1,0.6610342
75db14864d2bd9b8e13154226e94d466e3a7e0a0,apache/spark,2018-01-16 14:41:30,0,0,0.1,0,0.36713213
2c775f418f5fae4dbf3adfbb5ea99cd030918d41,apache/spark,2019-09-19 20:32:09,0,0,0.16,0,0.32321525
eaac60a1e20e29084b7151ffca964cfaa5ba99d1,apache/spark,2018-01-10 07:16:27,0,0,0.03,0,0.057288565
303ee3fce0d320a330d6b80662b13f6daeeb9c16,apache/spark,2019-05-08 02:31:06,0,0,0.24,1,0.5690813
2f51e72356babac703cc20a531b4dcc7712f34af,apache/spark,2018-09-20 18:52:20,0,0,0.19,0,0.43581566
7548a8826d6113121b6bda1ea99ca835374220b6,apache/spark,2019-07-14 19:46:01,0,0,0.03,0,0.09877736
9562b26914f9a0c513e34b9b90cdec60067ef055,apache/spark,2019-11-07 11:48:19,1,0,0.14830500000000002,0,0.2512772
3e4cfe9dbcabc6c3d91b4ad0f0c5834bf5d740d6,apache/spark,2019-04-09 07:41:42,0,0,0.06,0,0.006230875
5cebe587c7132fa6ea502084d45e0d8b203481b8,apache/spark,2019-11-18 07:42:22,0,0,0.06,0,0.005833901
7d318bfe907ab22b904d118e4ff4970af32b0e44,apache/spark,2019-05-24 17:45:46,0,0,0.05,0,0.014641294
e853afb416cdbfa3078c00295b0b3da4bcaed62e,apache/spark,2019-01-09 21:50:32,0,0,0.29,1,0.5196739
cc41245fa3f954f961541bf4b4275c28473042b8,apache/spark,2018-02-01 04:56:07,0,1,0.6,1,0.77077633
bc03c8b3faacd23edf40b8e75ffd9abb5881c50c,apache/spark,2019-02-26 06:10:54,0,0,0.42,1,0.77328134
4807d381bb113a5c61e6dad88202f23a8b6dd141,apache/spark,2018-04-06 02:13:59,0,0,0.05,0,0.15269116
29dc59ac29361b30d59ae9bd8aa06bd031169600,apache/spark,2019-11-07 04:39:52,0,0,0.01,0,0.003678067
9fdc7a840daa64d1302d12027fd84ea9894110a1,apache/spark,2018-11-29 19:08:53,0,0,0.13,0,0.015265156
44c1c03924c9e829f84b0c1344feb699e062a5d7,apache/spark,2019-10-29 17:15:18,0,0,0.36,1,0.7151297
275e044ba856467333635716f9c1cc347e5d7e82,apache/spark,2019-10-04 08:21:13,0,0,0.01,0,0.009198595
6378d4bc06cd1bb1a209bd5fb63d10ef52d75eb4,apache/spark,2019-09-09 15:19:40,0,0,0.01,0,0.0030699873
ff601cf71d226082e156c4ff9a8f5593aa7a2085,apache/spark,2018-09-21 14:05:56,0,0,0.0,0,0.012644329
e15a319ccd1125584c09c38ca90b252324df6998,apache/spark,2019-01-05 03:23:38,0,0,0.14,0,0.38579068
a7a3935c97d1fe6060cae42bbc9229c087b648ab,apache/spark,2019-09-04 20:13:23,0,0,0.1,0,0.4603785
098a2c41fcc46ba079106b2c9eb31197c8cb3bc9,apache/spark,2019-01-21 22:29:12,0,0,0.04,0,0.014033938
94c67a76ec1fda908a671a47a2a1fa63b3ab1b06,apache/spark,2018-01-26 23:01:03,0,0,0.02,0,0.08092953
6170e40c152a9fa9cca32318dc6bcf9d298723b7,apache/spark,2019-03-08 11:31:49,0,0,0.06,0,0.2031284
e9f3f62b2c0f521f3cc23fef381fc6754853ad4f,apache/spark,2019-05-23 20:15:39,0,0,0.21,0,0.4025514
cac9b1dea1bb44fa42abf77829c05bf93f70cf20,apache/spark,2018-05-09 04:27:32,0,0,0.02,0,0.09863166
ac808e2a02d67ed6210986704b84c8079791b123,apache/spark,2019-06-04 23:57:47,0,0,0.01,0,0.0027427373
b0f422c3861a5a3831e481b8ffac08f6fa085d00,apache/spark,2018-03-05 21:23:01,0,0,0.01,0,0.0102451155
cdea520ff8954cf415fd98d034d9b674d6ca4f67,apache/spark,2019-10-24 16:15:59,0,0,0.34,1,0.6860059
2b2c94a3ee89630047bcdd416a977e0d1cdb1926,apache/spark,2018-11-30 08:02:43,0,0,0.03,0,0.006368164
9b61f90987d7ccf8bd74ec5078e4babff3c2a2b8,apache/spark,2019-11-07 07:44:50,0,0,0.42,0,0.49122488
727600b5ca217367909f1090b9e2eff075cc7ed1,apache/zeppelin,2019-02-02 01:28:42,1,1,0.62,1,0.8642362
eb8c4d7354ab29ac364a89d39970ebab862c9edd,apache/zeppelin,2019-09-26 09:18:05,0,0,0.17,0,0.33547622
994acfeb73319dfa9c5b4b18dba94e7469aefa40,apache/zeppelin,2018-08-09 05:51:58,0,0,0.04,0,0.05269983
001c621c773db837b4c90bbf7868c94f284247ce,apache/zeppelin,2018-08-20 09:32:26,0,0,0.01,0,0.0034648143
e158a3e97a0b57e92c1f2a165433dbbdac166106,apache/zeppelin,2019-05-31 04:37:58,0,0,0.13,0,0.3232649
28187a6ae3da6052651c11636eb95316ee62a215,apache/zeppelin,2019-11-11 20:08:31,0,0,0.0,0,0.03440135
6fac6cd157a71c68f280efe7fd70793dd1f650c1,apache/zeppelin,2018-08-15 15:00:55,0,0,0.11,0,0.016798299
3ab6ffaa8bdccb930bd79511f1781d532ef4eac3,apache/zeppelin,2018-07-20 09:10:52,1,0,0.46,1,0.8763195
0660164379c12aa48321d0772598f61a56904a17,apache/zeppelin,2018-02-24 06:25:38,0,0,0.32,0,0.43403795
660c476ca3fe622e820218eb4ddd114789bf277d,apache/zeppelin,2019-11-05 11:12:29,0,0,0.06,0,0.2477128
7a78cf31d829e10b19e56b574ae650ab9f5c2350,apache/zeppelin,2019-07-09 07:11:35,1,0,0.5,1,0.78802603
d5513fde6b1d699e439eb79cdfcc112ca5d69058,apache/zeppelin,2018-12-06 18:47:14,0,0,0.01,0,0.06378357
86d37fe36867d11eff509c053808a3de41b4863a,apache/zeppelin,2019-12-09 14:37:38,0,0,0.08,0,0.007738646
a290ccb0be70f6d11f39d7aa35f24208ae033553,apache/zeppelin,2018-07-19 17:19:03,0,0,0.08,0,0.010053622
275b62159062c877057fe452905fd52f484c099e,apache/zeppelin,2018-07-12 06:28:02,0,0,0.01,0,0.012117258
9f63320fd5099bb124ce5321cc571cd0799b88aa,apache/zeppelin,2019-05-09 09:48:38,0,0,0.09,0,0.0048839524
af25f0019ed608a51e2c33788f1ebd9a1981544e,apache/zeppelin,2019-12-04 01:38:26,0,0,0.1,0,0.32391638
36d726d6dece86567dc125bad679de9622489385,apache/zeppelin,2018-01-22 01:00:42,0,0,0.25661,1,0.7787744
a11fc9ee2f9ea4b8782261429fa90d922705e442,apache/zeppelin,2018-08-29 06:55:09,0,0,0.1,0,0.0059857583
8be90b1e4410a73d0df1232749396243966252f9,apache/zeppelin,2019-07-26 13:33:02,0,0,0.02,0,0.0120531665
79f751a0e03c9fe731a2c44238976cdab479b2d5,apache/zeppelin,2019-09-09 04:56:54,0,0,0.0,0,0.010997928
aefc7ea395fed5a93e69942725a19b203a3574e2,apache/zeppelin,2018-03-30 03:12:08,0,0,0.0,0,0.010997928
4fc7f0881ea1390d0b21da9fbd38fc2d9c3dac73,apache/zeppelin,2019-04-19 07:12:14,0,0,0.0,0,0.033903603
7691b7f09c6a2bd59f310656771d7cb7916a5a94,apache/zeppelin,2018-02-07 12:15:18,0,0,0.23,1,0.6508215
66dada66e25a1d24cc235fd44e58a0507fe07b84,apache/zeppelin,2018-03-02 23:47:35,0,1,0.67,1,0.87076277
5f33a07762b254572bc531d4c80dc2c3b3193073,apache/zeppelin,2018-04-16 06:15:33,0,0,0.05,0,0.19360422
7a0745430ebdd69b993b60cfdfc69790ae30dd18,apache/zeppelin,2019-11-04 04:48:52,0,0,0.06,0,0.01176177
7fa7e91c9ba15f4f318bed6069d1b53ec8c4686a,apache/zeppelin,2019-11-04 04:38:26,0,1,0.58,1,0.75120914
483dc3f2bb46d18b7bbb41d72118c356bd9de403,apache/zeppelin,2018-03-06 09:17:35,0,0,0.02,0,0.0027779182
acd75b1367b4d8ebf6b1a6ecd4a6cd75921e1f38,apache/zeppelin,2018-11-21 06:17:15,0,0,0.03,0,0.15571834
a6075017d5c8d1503c4cc392eef22bfb53db6258,apache/zeppelin,2018-05-24 08:10:47,0,0,0.45,1,0.68894285
edfe3eb83e8f61a5b1fc5f6663c0c26e4d634857,apache/zeppelin,2019-12-09 02:03:25,0,0,0.2,0,0.49033287
f63a6196761fa5f4b961c544fbcbe535ed746ba5,apache/zeppelin,2019-04-01 02:27:46,0,0,0.0,0,0.0038481073
ee2b52768a6c2defb31d44783c347f0e2de65ddb,apache/zeppelin,2018-12-29 03:26:35,0,0,0.07,0,0.084236555
580675617caeccd71a2f3a7b67cb8b55795a3009,apache/zeppelin,2019-09-27 06:43:48,0,0,0.0,0,0.16366757
5766c272b9d448ecfdf71da0f5e0a9fac5cea6ba,apache/zeppelin,2018-06-26 08:18:15,0,0,0.09,0,0.022743534
bf4e1f93b22d4f5da54c70247339cb675111b00e,apache/zeppelin,2018-06-15 03:35:20,0,0,0.08,0,0.20105134
5e37eed1270b1aa4a2ed9f540fee16fad29127b4,apache/zeppelin,2018-02-13 13:59:53,0,0,0.0,0,0.010412932
f2d1d4f87e993ad05efcefd26880e98374ee314b,apache/zeppelin,2019-12-08 06:24:17,0,0,0.04,0,0.09867465
6d0863e1aac1ae0a51a735878ed07c19d29c387d,apache/zeppelin,2018-08-29 06:55:09,0,0,0.0,0,0.042944163
1dcfb9d264a7cee2d809f475540f5d24a767353e,apache/zeppelin,2018-08-02 02:31:57,0,0,0.05,0,0.0035936313
5b01477451a2c1cceddb5313714677e861280dc5,apache/zeppelin,2018-02-03 18:46:39,0,0,0.26,0,0.44297743
20bcd4f32352acb10df0b6077393040585521afa,apache/zeppelin,2019-09-30 15:07:01,0,0,0.03,0,0.002554142
e65f73066c5741878177f45c283521868c775b7a,apache/zeppelin,2018-04-11 10:49:42,0,0,0.04,0,0.0038886946
14f2b768d3b55325328a3559b3dd2e2d5137b715,apache/zeppelin,2019-12-19 14:41:20,0,0,0.06,0,0.15059051
a5304964a8dbef3a3d0e0eb04cee94e045443bd2,apache/zeppelin,2019-09-17 07:57:55,0,0,0.25,0,0.45948383
116f4ea9c9e99881cd38bfb1a77db52d567cc8eb,apache/zeppelin,2019-12-05 13:55:55,0,0,0.01,0,0.097661324
82b875cf9b1521cc32cd5c375caee367bd62a9fa,apache/zeppelin,2018-08-18 14:30:17,0,0,0.08,0,0.08619194
b2b29aa682f56ba63cad8f371fd1ba609790d3a3,apache/zeppelin,2018-07-31 01:12:56,0,0,0.02,0,0.04712314
80cc7e27ac6001e415b6e0bac9321f6dc3a7b642,apache/zeppelin,2019-07-01 14:31:53,0,0,0.02,0,0.13866071
008fa369f37534096f59598f8b5374bcf56924e5,apache/zeppelin,2018-02-13 13:01:47,0,0,0.3776561419681954,1,0.7869039
f290c8016fa9add3eba2f6579e8bf308d71c61bb,apache/zeppelin,2018-08-13 04:32:30,0,0,0.15,0,0.10526559
9a185f19124259f0d510a3669d1023065bdf6197,apache/zeppelin,2019-01-21 19:51:01,0,0,0.08,0,0.13602668
fea24e22890b1f4d3fa84a143a3608488e79379a,apache/zeppelin,2018-06-19 02:52:28,0,0,0.01,0,0.014259557
be0548c74e8fa72dd5d3b741390901224935275d,apache/zeppelin,2019-07-08 15:28:04,0,0,0.19,0,0.24734002
d1f98003c0ecce21db31497098649b6cb452483e,apache/zeppelin,2019-07-11 02:46:04,0,0,0.04,0,0.09013232
b9f005a62b947cc1a51a1298757049d8b2a89846,apache/zeppelin,2018-06-19 02:38:10,0,0,0.18,1,0.55198944
1d10625598989fc2282318ccdd1294a4fbc36a1e,apache/zeppelin,2018-11-24 22:02:42,0,0,0.04,0,0.0773073
720b26561fb9fe6dab05fdb2c154cbfdb72a933a,apache/zeppelin,2019-07-05 07:33:08,0,0,0.01,0,0.025781814
59f94e192ffede9c6db5bc422e62fd5dfa00c821,apache/zeppelin,2018-09-28 08:48:21,0,0,0.19,0,0.3854644
735064fdc57ae958fabae85b399bb5af3cb79144,apache/zeppelin,2019-01-29 07:13:02,1,0,0.44,1,0.8211796
e7e9e19cf1be6ada5b5e8d56fc2a7d8809f85f79,apache/zeppelin,2018-01-24 15:46:14,0,0,0.07,0,0.007977075
a7e43d600f86811ec695ad0606845d7a114f6fba,apache/zeppelin,2018-06-20 01:49:37,0,0,0.04,0,0.008285295
8d2af02fc4ee57ad7a30f91d1a2fd999194406f0,apache/zeppelin,2018-07-27 05:46:55,0,0,0.01,0,0.026879165
04b3f479c99e69fa351f0bc945a1625ff7b5bb61,apache/zeppelin,2019-12-09 14:23:01,0,0,0.35,1,0.58917844
81e7030f7f8cdf31a95dac141265dc5499ecaf4a,apache/zeppelin,2018-11-05 16:55:55,0,0,0.07,0,0.0068681804
abab14d0806592abb3379e40f7ae5de0101dd3a1,apache/zeppelin,2019-04-01 03:47:53,0,0,0.03,0,0.030510832
e740efbe0eacd1392f44151808ec1959bc69e3c1,apache/zeppelin,2018-08-09 07:27:55,0,0,0.08,0,0.02235503
d220c011892a36b7645599fc028bc8754bd99ce6,apache/zeppelin,2018-02-04 16:38:33,0,0,0.0,0,0.011295138
6a7b6719fa6c7049e00dd9d5085172af20c94416,apache/zeppelin,2019-07-02 02:10:52,0,0,0.0,0,0.0025341131
a372872122c45716d25321e1f2e82924fae7c231,apache/zeppelin,2019-03-21 03:18:02,0,0,0.19,1,0.6110553
0d3ac8a56f3c7f53ecf2888ea853252794daa88a,apache/zeppelin,2019-02-01 18:49:07,1,0,0.36,1,0.6580593
e148c8cfff04a7a299b2d626759a662a3f91087b,apache/zeppelin,2018-03-05 04:58:19,0,0,0.01,0,0.008636671
a9471387503f40e38e4dd28a4625a70fe77727bf,apache/zeppelin,2018-04-22 13:29:06,0,0,0.21,0,0.18581562
9ec6eb5a4e422e4ac73a97e38e47512811d5b29d,apache/zeppelin,2018-03-14 05:27:09,0,0,0.01,0,0.05626976
9320d1493fb13e656cc57a6bab8542a0027e1814,apache/zeppelin,2019-12-09 05:57:23,0,0,0.1,0,0.0061471392
57f663297cb4d6c39e594b3fb06604196bcb3af0,apache/zeppelin,2019-07-27 01:57:24,0,0,0.04,0,0.14466682
8df623b634cc1fa23b268e2bb27931ea391a1381,apache/zeppelin,2018-01-31 17:10:18,1,0,0.14,0,0.23652881
8e6974fdc33e834bc01a5ee594e2cfca4ff3045f,apache/zeppelin,2019-03-25 09:56:52,0,0,0.3,1,0.6738576
636f3ad6ecc70cd8dcfdc7a79cb365fcaed6f877,apache/zeppelin,2018-08-13 16:36:39,0,0,0.36,1,0.683503
8f971641769b3cafcb9b8d08b158a7f8ba18451a,apache/zeppelin,2019-07-15 06:07:23,0,0,0.21,0,0.4757844
0f9a1a80c76054c322e2d1768cf24a3e4bd49496,apache/zeppelin,2018-07-11 07:16:43,0,0,0.04,0,0.16647255
23da33e6c0820f45e72f325e2b3247c1b24ed2be,apache/zeppelin,2018-07-06 13:48:39,0,0,0.1,0,0.37896895
0fbcd1111dae980ff245eead964e8a5e0ee0f1a6,apache/zeppelin,2018-11-26 22:48:06,0,0,0.11,0,0.3772208
a9ebfb4469d525e4951e3b8ddfb2be34e6d74fef,apache/zeppelin,2019-12-13 08:11:31,0,0,0.04,0,0.09845193
57a2d34858026532fbf31827255d17f5cd62aaae,apache/zeppelin,2019-06-14 08:18:58,0,0,0.06,0,0.0053186393
50fb42f186a2f439f72f5c17353ec726a00cb8ef,apache/zeppelin,2018-06-15 07:01:49,0,0,0.02,0,0.005579896
c972e257f1f4dfbab1f682f3da8dba6c500dfbb8,apache/zeppelin,2018-06-01 12:58:27,0,0,0.0,0,0.0017023279
48109b2561a540f58b80b1ecbc73bf2d2f948db2,apache/zeppelin,2018-08-17 03:01:55,0,0,0.05,0,0.0009954206
716dfd1c54d1112fd5f6b4339bdd59784e867351,apache/zeppelin,2018-07-20 04:55:07,0,0,0.1,0,0.002206938
2acb62e518555ae856b22beba87731a0812f840e,apache/zeppelin,2018-04-10 15:02:42,0,0,0.0,0,0.007010932
c2bb46b62797e92c0e3108047824dca9b0a02644,apache/zeppelin,2019-01-29 03:09:04,0,0,0.08,0,0.01702249
f58f8d88866f7d2c7d041e1a410b82f2bf25e24f,apache/zeppelin,2019-05-27 03:34:07,0,0,0.06,0,0.016996915
3e641d95cbb2a451932a5f80ed7ec9fa8b7ba00b,apache/zeppelin,2018-07-25 07:22:36,0,0,0.04,0,0.022257386
42d81f87681bdc506785716f8875d13c8e21ec86,apache/zeppelin,2019-10-09 11:13:02,0,0,0.08,0,0.0031226212
d9abff6130ec924b9c02742b8389d3577ebc990d,apache/zeppelin,2018-07-11 05:29:12,0,0,0.07,0,0.13529956
de03a21ba62084a37fd4ef9bba8c00e33b6644cb,apache/zeppelin,2018-02-15 02:30:10,0,0,0.11,0,0.01813356
91b5d69be2aa8f72dc49d27800a90f8bed9781cc,apache/zeppelin,2018-01-29 03:21:34,0,0,0.1,0,0.07822889
a22eba24a77ed99f170d54a600fd982c144a29dc,apache/zeppelin,2019-10-23 05:15:00,0,0,0.02,0,0.042302728
a1e69add442d112e00dbcf76b0abb21bc984e5be,apache/zeppelin,2018-03-20 09:35:13,0,0,0.01,0,0.030669792
2b251b67d7e0acadb842f7eb80ecb0aac6ff0fe8,apache/zeppelin,2019-11-04 09:01:35,0,0,0.0,0,0.14689587
106f12796a6b54a1dbac426b4d3754084ce816ef,apache/zeppelin,2019-12-09 19:14:01,0,0,0.02,0,0.029916111
0845d353c06ef12d06c2cfd586150e1cc3b887f3,apache/zeppelin,2019-06-23 14:18:42,0,0,0.03,0,0.043013692
f7df879cc4d5a147030c0e7880bb1cba4f359979,apache/zeppelin,2018-01-12 00:19:11,0,0,0.06,0,0.038732696
f61bddd233587642ec7b792bb182a06d2f54dbf8,apache/zeppelin,2019-06-12 11:20:59,0,0,0.01,0,0.03818371
6353732095af880944b8c09eacc3ab7eaf64e7e0,apache/zeppelin,2018-01-15 08:10:52,0,0,0.03,0,0.042330533
a6cd0e24cc795985e200ebebf04de981e13de97c,apache/zeppelin,2018-03-05 06:38:00,0,0,0.03,0,0.043013692
1add74b4b2a1c7fb63b8249b9574ac3e148d3b81,apache/zeppelin,2018-04-02 13:07:48,0,0,0.01,0,0.19203848
6137c2a8136b31ae934662c2909ad1b54070a053,apache/zeppelin,2018-06-12 02:11:09,0,0,0.08,0,0.01152589
4463967a520af2bc9950fdbd2987ed220d8c0344,apache/zeppelin,2018-03-13 06:54:58,0,0,0.05,0,0.25100398
40132597381c8323a265f286c3d840801347e07b,apache/zeppelin,2018-04-18 10:31:30,0,0,0.05,0,0.121640034
e909600b437c80a1b4eaaea63e8040b283ed4cf2,apache/zeppelin,2019-01-24 09:07:49,0,0,0.03,0,0.111115135
64bbba4796fe1ddfd1ca1facde7dcda33ac86ef7,apache/zeppelin,2018-02-25 13:24:08,0,0,0.01,0,0.019339789
4f5297d0d33abfa588f1ee7aa860a4bec6bffd52,apache/zeppelin,2019-03-11 06:43:50,0,0,0.06,0,0.016439423
b436f43050379a65a5e93c28889c87923faa8415,apache/zeppelin,2018-12-24 14:01:21,0,0,0.04,0,0.14046319
3fdc590cdcf7388997e17f6a0b2283f5b54c1bf1,apache/zeppelin,2019-12-20 14:52:21,0,0,0.04,0,0.012269461
4ee09717cfb2d09b55f20fbd8245b6c2eca37fda,apache/zeppelin,2018-03-12 02:12:51,0,0,0.1,0,0.39617866
80de4bbc0233815200f1baf8d6c4e570073bcc79,apache/zeppelin,2018-06-05 12:02:16,0,0,0.0,0,0.016034052
ac2e957e2d8547626878cd031958185da3bad1f3,apache/zeppelin,2018-08-02 07:01:18,0,0,0.15,0,0.33074757
8fa534343beccb797f9f1850ec43673ac830b73e,apache/zeppelin,2019-04-11 06:32:25,0,0,0.06,0,0.015519601
8ad8c7da6181b7a91f6c89c9927a71619f4ea619,apache/zeppelin,2018-01-20 09:02:44,0,0,0.14,0,0.03555887
c8a82bce2bc9fe6a98f99824bdbddcc06b054742,apache/zeppelin,2019-06-15 02:06:46,0,0,0.06,0,0.035215817
0605aae240f00c1c04667756599c0e61e4d8e48a,apache/zeppelin,2018-02-12 09:17:44,0,0,0.05,0,0.12372821
31696b7889799d47eb36160fa3288ed05cb690a8,apache/zeppelin,2018-06-20 06:56:11,0,0,0.02,0,0.015053832
1a3d1d185f1c996e58e9e9a479db16e5113aa835,apache/zeppelin,2018-06-28 07:48:51,0,0,0.1,0,0.009873201
ca7c9cd8156d3647cfbd20291f37e2153c2f2326,apache/zeppelin,2018-07-04 06:17:29,0,0,0.06,0,0.0080251135
b7d98b3f119c7dcdfc7064cd56be8fdb8bbaabd9,apache/zeppelin,2018-06-04 07:29:45,0,0,0.03,0,0.25392118
f7df680ef91a2862e22fe914b8c6ddeae2491fc5,apache/zeppelin,2019-01-24 03:51:16,0,0,0.0,0,0.032910522
0a97446a70f6294a3efb071bb9a70601f885840b,apache/zeppelin,2018-04-01 13:26:28,0,0,0.02,0,0.0016880174
4f73272c006b3767ad40686aa5876ac5fbf57928,apache/zeppelin,2018-11-09 15:18:52,0,0,0.12,0,0.112334326
1c5b38a9afb211b4681a9fe99f9740add76d0f37,apache/zeppelin,2018-06-05 06:28:21,0,0,0.09,0,0.13452053
7af4fab420ed42edbe9f97c1c4d63823ff321c2d,apache/zeppelin,2018-01-12 03:45:16,0,0,0.04,0,0.1977845
76e0027c2d43ac693c86a2123c2b589b9faaaeb3,apache/zeppelin,2018-07-24 05:13:47,0,0,0.01,0,0.008643953
8b2259cf5805f654b5da2725fa8207fa0b6d5f7e,apache/zeppelin,2018-03-06 07:02:19,1,0,0.13,0,0.18323246
75ada89f4d36a16713f18c6f6fc54dab4f659ef5,apache/zeppelin,2018-02-26 02:18:31,0,0,0.0,0,0.055525266
f28e9631737da554a0a12323f6c00ccae3ec6282,apache/zeppelin,2018-09-27 03:46:50,0,0,0.26,0,0.47666326
1ac0e2f0086b7da5b7149562f2db8647c3b711c9,apache/zeppelin,2018-06-27 07:52:12,0,0,0.12,0,0.2163101
08c9ad9a6692405884ae2b2f730868030247762f,apache/zeppelin,2018-04-04 10:13:06,0,0,0.25,1,0.5485699
b6beda64e7d25fa93958737fc8d2dad4eae309cc,apache/zeppelin,2018-05-21 06:15:48,0,0,0.0,0,0.05644687
97c845a6f39e60d93a553d9b438bb11fb38e0497,apache/zeppelin,2019-02-12 03:42:46,0,0,0.09,0,0.21309194
3eea57ab26e8c4a8811bde64854b95f706858f10,apache/zeppelin,2018-01-31 11:46:44,0,0,0.19,0,0.43127608
62da77ca0bb61d5bffecfa9123d7f3ee8eccbcaa,apache/zeppelin,2018-12-31 17:12:40,1,0,0.4,1,0.7399394
a63f041477737c67177de292c90109f4b8ce2b1c,apache/zeppelin,2018-03-17 03:34:14,0,0,0.32,1,0.6559491
7fcbb9a0296b306896a82d4f3c89c4550327c674,apache/zeppelin,2018-02-08 07:27:12,0,0,0.0,0,0.080610104
720537aab99229309fb7b00c3f6006f0fea4a779,apache/zeppelin,2018-02-23 05:13:12,0,0,0.09,0,0.22251534
bfa84f5b8d48cad4e4a4a41a3ee56ad4d6d8f3ca,apache/zeppelin,2018-08-20 02:50:24,0,0,0.06,0,0.070173524
8ddaab07ca6fb6ff0a8991f55ba53d8122ce07d4,apache/zeppelin,2018-01-25 01:50:48,0,0,0.36,1,0.51172096
36bca12d5e70f96de4701aa2fd41979ff8128a1f,apache/zookeeper,2019-05-02 22:44:08,0,0,0.2,0,0.4514649
678138b84a433cc0aaf51388f086743aa84f3480,apache/zookeeper,2018-12-20 14:13:46,0,0,0.2,0,0.39256218
6dc61adbe41c712fbce930e598b3556da54e0667,apache/zookeeper,2019-04-09 14:08:29,0,0,0.09,0,0.08317934
3302031ee6040fbcbb8f0c54eb37e5e161c7afd2,apache/zookeeper,2019-01-30 15:43:22,0,1,0.55,1,0.8943332
945167c338d4a26c18bdaf49fb9000186a5f7025,apache/zookeeper,2019-11-18 08:05:38,0,0,0.48,1,0.57219636
8cc3d5e2a9b0900984f09b873aa810c563399069,apache/zookeeper,2019-04-17 10:26:53,0,0,0.44,1,0.6693657
3f4d0cda0f9688baa7ad0718e46c4ba95653dbfa,apache/zookeeper,2019-06-12 08:25:14,0,0,0.0,0,0.05577776
05d4d437d808f6cdf4c9dc5419a6e8d635c2ba5d,apache/zookeeper,2018-11-05 07:45:40,0,0,0.03,0,0.07001738
fed6cdad1e7a4fb83b568e8bf3ba3cf1da492db9,apache/zookeeper,2019-07-29 15:09:35,0,0,0.27,0,0.49055693
49354f581f3b88316177492ef28823b50a5b33f7,apache/zookeeper,2019-08-05 13:29:50,0,0,0.34,1,0.64583284
e45551fc7c691332ace7bff81926855e42ac2239,apache/zookeeper,2019-05-15 09:56:42,0,0,0.2,0,0.4461508
ef8b5ab263270e41504dddc5fcc8c6b3419e5b4b,apache/zookeeper,2018-09-11 13:23:32,0,0,0.27,1,0.6653341
6281a8693c287fadca72321178023ee78cf9c818,apache/zookeeper,2019-07-25 21:43:26,0,0,0.01,0,0.042091575
587898ac9fc2a8588971197b977ecd9c00a7221e,apache/zookeeper,2018-05-21 18:11:40,0,0,0.34,1,0.6300277
d8db88914e7af7c11a2588be202d90b925791d31,apache/zookeeper,2019-04-22 17:15:22,0,0,0.5,1,0.7974708
8e8905069f4bff670c0492fe9e28ced0f86bca00,apache/zookeeper,2019-11-28 11:24:36,0,0,0.04,0,0.03456585
045833b795a7041607337b192fa3dbcf2cc3f291,apache/zookeeper,2019-01-25 13:32:24,0,1,0.54,1,0.8713944
3d2a30f5fed9cc77f84c0d27d80020656f21fc06,apache/zookeeper,2019-04-14 18:00:14,0,0,0.0,0,0.0018392438
96eefafce7ed036d3ab4a7a6d43792ce433bbfad,apache/zookeeper,2019-07-02 05:34:21,0,1,0.74,1,0.94647104
0f44fd9629704e32cc9719eb26d14ecf11e61e90,apache/zookeeper,2019-01-24 10:53:00,0,0,0.17,1,0.6054855
ea8536982c39fd1127a4e6e7a8229b64a5798447,apache/zookeeper,2019-05-27 08:54:58,0,0,0.01,0,0.011133724
cbc63dbaad14fa22e8855bfdaa71c873e0796591,apache/zookeeper,2019-01-31 14:50:59,0,0,0.18,0,0.36119008
d08f51ad1514bfa512597b1ce4bbc2e8144be576,apache/zookeeper,2019-05-21 21:34:38,0,0,0.04,0,0.18069594
27db6bd28e3297cdafe19c204b42c3db20c45ad6,apache/zookeeper,2018-09-07 00:49:10,0,0,0.12,0,0.26716542
2e39cc05713a052f738323dcb344b3615da7027a,apache/zookeeper,2019-11-20 06:00:56,0,0,0.1,0,0.23152663
1ca627b5a3105d80ed4d851c6e9f1a1e2ac7d64a,apache/zookeeper,2019-09-16 21:26:05,0,0,0.39,1,0.58040285
bb39b83e125bb40597346aa4412e21851d1e871e,apache/zookeeper,2019-03-11 20:56:36,0,0,0.1,0,0.29866257
d713419bde97374a2d1b1cbe51fcb17b4416a196,apache/zookeeper,2019-05-27 20:33:44,0,0,0.34,1,0.7288419
b8c8937029ca7e15116e91c6a6c436368ac0f9bb,apache/zookeeper,2018-12-20 14:07:14,0,0,0.13,0,0.2911716
af59be25c564d34c6620cd931cd84ef5200aa1b3,apache/zookeeper,2019-05-20 20:54:43,0,0,0.05,0,0.18622999
9f2e2f238c4bcbb0170bb6a983ffa4e92f701488,apache/zookeeper,2019-09-30 21:22:31,0,0,0.32,1,0.7782686
53f22e19f977016dc53fffa17180bd025dc50802,apache/zookeeper,2019-08-05 23:43:18,0,0,0.24,1,0.59620625
3783ed58656f8719d7213329451f396f5c1e3dce,apache/zookeeper,2018-04-24 23:41:54,0,0,0.42,1,0.7746059
226af6e29bc00fe4a33269351f20ddf5b6658fd2,apache/zookeeper,2019-02-15 14:36:55,0,0,0.25,1,0.68139225
0fcb3f6f6c96dfc7e1842a39fa47c624b7fb1960,apache/zookeeper,2019-06-14 07:10:29,0,0,0.03,0,0.016896449
876aaf42ea721776b82633bb769f8813e881a444,apache/zookeeper,2019-04-30 16:08:06,0,0,0.03,0,0.00252117
1c488cec08809a76202f6c66be9e46533e7c409c,apache/zookeeper,2018-11-27 08:55:53,0,0,0.01,0,0.006958027
8fbeec0db8010461ddeae88d15c3a0b1e59a3c64,apache/zookeeper,2019-08-05 23:49:20,0,0,0.02,0,0.003357947
3583bbf0f89861a20c23cb417a1fd93daf12a1e1,apache/zookeeper,2019-01-25 13:37:30,0,0,0.06,0,0.017827995
e7ac12c952b47921bfecbad52112be51f5b9ede5,apache/zookeeper,2018-09-05 14:15:58,0,0,0.02,0,0.035026323
d0b60bd3cb4fe724fe5ed1670bb7d3e30842373a,apache/zookeeper,2019-02-27 16:25:58,0,0,0.01,0,0.01966977
3a25fe4b6c07937dc6859cafd94f3532b3a0befe,apache/zookeeper,2019-05-06 15:48:57,0,0,0.06,0,0.08593015
fd465ebf5380319b0ec9415ab832b01046e131ff,apache/zookeeper,2019-01-18 02:49:12,0,0,0.03,0,0.036001705
bc24f7c01a7060267c99ef3201fbe96be9a12835,apache/zookeeper,2019-01-30 15:28:55,0,0,0.18,0,0.46225587
38fab85ab476ffea3dd9668eac6fd6e09a190a09,apache/zookeeper,2019-01-14 18:40:19,0,0,0.25,0,0.31471092
433cf7e2b660fce3c73eb011452814f7084ff196,apache/zookeeper,2019-07-09 11:34:06,0,0,0.18,0,0.416976
c3babb94275ad667dc71c10dcb08a383a3c154c2,apache/zookeeper,2018-11-23 10:51:32,0,0,0.01,0,0.01160343
bee2ef8da3c4a7a2a1925ac8fc5375a7dee702ae,apache/zookeeper,2019-05-03 15:37:55,0,0,0.27,1,0.617056
726587ef50339f071960d153cc4599882aa71ac7,apache/zookeeper,2018-07-28 02:30:06,0,0,0.13,0,0.33846322
02c203fa486ac24553d9584768fe97960b6dec24,apache/zookeeper,2019-06-28 22:33:38,0,0,0.4,1,0.7226271
bb94aa44de61bfb2ecd5bbd12b4eb390c2cf39c1,apache/zookeeper,2019-05-28 13:55:11,0,0,0.06,0,0.2391599
ff47fc3dfda3487ca3a5aca2ea16831b2aebc7e2,apache/zookeeper,2019-04-17 12:16:17,0,0,0.01,0,0.037349056
83940b18ce70016de7400f6159ce2a2db5a0bbec,apache/zookeeper,2019-07-27 18:04:26,0,0,0.34,1,0.69148016
5627cd4a5a35b31b5b8143eec2a18940d914a7d4,apache/zookeeper,2019-06-24 09:05:25,0,0,0.26,0,0.36760488
a2623a625a4778720f7d5482d0a66e9b37ae556f,apache/zookeeper,2018-06-08 14:52:58,0,0,0.15,0,0.36920738
39c40bea3a04cda70a6f9e8caad64b26d4d046e6,apache/zookeeper,2019-06-05 22:01:42,0,0,0.43,1,0.70070577
9e309557c02315344d6b39012ff4c9633b54c3d3,apache/zookeeper,2019-01-07 13:55:43,0,0,0.12,0,0.14838842
dafc40d59f3d4ed1d2586bf93fc340d20fb6f6c4,apache/zookeeper,2019-03-04 23:04:10,0,0,0.23,0,0.042999484
9bee98bd06f50a2085785406a1084f75c652ada1,apache/zookeeper,2019-07-02 22:44:25,0,0,0.04,0,0.1346258
bebe4162bc915b15b4fd90df9446bdf9f83ef3a8,apache/zookeeper,2018-02-14 20:23:30,0,0,0.23,0,0.3412011
91460546a14c03d211d4126864c81a1b2dde2394,apache/zookeeper,2018-11-17 17:37:08,0,0,0.42,1,0.81862235
100c69233b75a9e484c546c450025c46c37d16fb,apache/zookeeper,2019-02-11 11:34:42,0,0,0.09,0,0.09869318
657e2e832ee31738d70d54a046d4254f3ed8267a,apache/zookeeper,2018-09-14 23:09:36,0,0,0.04,0,0.1573858
f01d01ce3ba86baf9bd623f91d97a560703260e4,apache/zookeeper,2019-09-10 13:21:05,0,0,0.15,0,0.47948828
db074423f09026446640242ecfcf26310467b1fa,apache/zookeeper,2018-11-17 17:33:40,0,0,0.21,0,0.293132
bd09fda553cf9b9334039a7b3bd9dbc7bab70602,apache/zookeeper,2019-02-07 10:26:08,0,0,0.11,0,0.33081678
47385c75e0e0d0a48e71122df989effd55f0fe59,apache/zookeeper,2019-09-05 20:59:14,0,0,0.05,0,0.21363619
43f117ef5098573d7378956358c653475a4b993e,apache/zookeeper,2018-05-09 22:14:18,0,0,0.07,0,0.15792643
8f62ee9740c9cdd0e4e3ec5c6d906236fe35a003,apache/zookeeper,2019-01-31 14:55:07,0,0,0.04,0,0.002398209
8b82c2694dc31238b04345a7bd95c6a7fb62c7f8,apache/zookeeper,2019-01-22 05:43:44,0,0,0.0,0,0.048919328
c2b63926c1249c454319bffe15a7b9f340e0526f,apache/zookeeper,2019-02-12 14:25:17,1,0,0.44,1,0.5899471
ba8932dccb227b5b52de98e33c46054014f951b7,apache/zookeeper,2018-07-27 10:32:45,0,0,0.37,1,0.6004647
061e76123e91db4b9c28ab77e58df1b723df00d9,apache/zookeeper,2018-11-28 22:43:41,0,0,0.14,0,0.13322446
e57e7a371da9ba6161fa06c29683679f4271e346,apache/zookeeper,2019-04-14 14:05:59,0,0,0.02,0,0.043928523
d3dbe787f37eb9e17402e4a3d55a441ca43b2160,apache/zookeeper,2019-05-31 20:16:29,0,0,0.11,0,0.027552767
35f4aa227463ca95941b9045f9c554aa1696782f,apache/zookeeper,2019-07-29 15:15:26,0,0,0.34,0,0.38806942
db53d02869faa7c9819689315daa3933125c89a8,apache/zookeeper,2018-12-20 14:17:52,0,0,0.2,0,0.19400288
4b01c9374586423a96cc8ba1cdf707fe77880cf9,apache/zookeeper,2019-04-12 17:08:38,0,0,0.37,1,0.66588926
a5ffb4c8dd49d1d6b03904d457eea62a3009c91a,apache/zookeeper,2018-12-11 13:03:37,0,0,0.07,0,0.0063865352
29f95b18d9539c3f8932fee31798ca7332cb2ec6,apache/zookeeper,2019-01-30 16:02:39,0,0,0.07,0,0.008304913
2eb8dd0baf91a1a7c09d76f22ff658009898ca0b,apache/zookeeper,2019-01-16 13:21:28,0,0,0.01,0,0.01840617
82776922af9a0931e8053c0b93b82311e0f0b4b3,apache/zookeeper,2018-08-14 12:33:45,0,0,0.16,0,0.083732225
71630081262f4b05e6a86beb7c0c10924e2f04d3,apache/zookeeper,2018-09-14 22:03:48,0,0,0.04,0,0.02546322
31e92e0a4f287ca840e0c9418e3a9b706e9721db,apache/zookeeper,2019-05-14 15:11:14,0,0,0.25,0,0.24560761
44c9d56f22195223250765f2138336b903e960c0,apache/zookeeper,2019-07-01 13:16:01,0,0,0.05,0,0.020810027
2c0168ad37b529447ac8cb1bf866d014f8a97981,apache/zookeeper,2018-04-26 22:21:06,0,0,0.0,0,0.013458529
ee250f141678f79e9517bfc8913956199fad55bb,apache/zookeeper,2018-10-12 08:25:27,0,0,0.06,0,0.086285934
bc5083f85a72837d9cf5b32b82eecc6d0c06a35c,apache/zookeeper,2019-02-12 14:31:55,0,0,0.09,0,0.14515883
2a951868bda3b7343069f9155f6404c3d9d5aa8e,apache/zookeeper,2018-06-20 13:22:07,0,0,0.07,0,0.025082553
e3bae03d20f5d722957897bc1bc97ebeeae5e982,apache/zookeeper,2018-08-06 08:47:35,0,0,0.03,0,0.062305875
999c834714aba859a96ba32d02e66fb63e70ab35,apache/zookeeper,2019-05-08 19:54:42,0,0,0.17,0,0.4840624
39a316a3bab747d879ef974308ad888808377983,apache/zookeeper,2019-05-21 21:41:39,0,0,0.09,0,0.10073695
14eefcb7bbd1cc93d4738998ca7343cd9cae8277,apache/zookeeper,2019-01-14 14:36:15,0,0,0.09,0,0.09073
5577d41da48feb8db3595d88a63096594c20fbb9,apache/zookeeper,2019-06-05 10:14:51,0,0,0.08,0,0.014965175
069c3e4fccbd56307b19b57864fbf6312ace2219,apache/zookeeper,2018-02-01 23:26:58,0,1,0.73,1,0.8687623
2c1034f8fe4e6e437f7c71478153f41180970542,apache/zookeeper,2019-09-20 08:02:12,0,0,0.12,0,0.2194195
f63a831d67bd12303a3e1578126f2a09819fecd5,apache/zookeeper,2019-06-04 22:33:14,0,0,0.09,0,0.23295541
04cc5cae1e7d4b007490e68109a676b88ce790a3,apache/zookeeper,2019-08-09 14:15:20,0,0,0.26,1,0.7431445
7b7c6587733dba3c9f3862a034b354d067e0dc47,apache/zookeeper,2018-07-27 03:28:37,0,0,0.04,0,0.007826727
07c3aaf3d723fb3144c0aedc0c2b655325df70e9,apache/zookeeper,2019-03-21 18:15:06,0,1,0.68,1,0.90310186
d149b134049dc8527ba81a9546836942fcabc5b6,apache/zookeeper,2019-01-14 18:43:00,0,1,0.77,1,0.92331624
ae68c7d50e4057ef3f9b99ac0cd0200a8bd5f235,apache/zookeeper,2019-11-21 04:58:30,0,0,0.06,0,0.018614532
7b679bc9dd98f06ee10bbb0978cfee5dab7b74dc,apache/zookeeper,2018-10-16 14:22:07,0,0,0.08,0,0.15825881
8f3fbf25c63af54e00bad927a606f79ef0bf7fbf,apache/zookeeper,2019-02-13 12:12:00,0,0,0.04,0,0.10630138
77d6b763a7772553ecfa81e3d3ef177452ad16a7,apache/zookeeper,2018-01-18 23:52:43,0,0,0.12,0,0.19911216
1507f67a06175155003722297daeb60bc912af1d,apache/zookeeper,2018-11-21 16:56:08,0,0,0.18,0,0.24671456
794adf11220151496a1ff877df3d2627719c9505,apache/zookeeper,2019-11-11 12:59:08,0,0,0.11,0,0.34160528
e043c322f12d56da0fc88131628edf0731c0f8e4,apache/zookeeper,2018-12-15 06:34:54,1,0,0.15,0,0.38236153
d719b68d5a1076f963a7c11722b384d506221f5c,apache/zookeeper,2019-04-12 19:47:55,0,0,0.11,0,0.29482275
cea251a185435e88f54efc5defb92ec9584fc80f,apache/zookeeper,2018-07-17 08:41:24,0,0,0.36,1,0.7353367
ceaeccd6e310983d37e685a9d5fff3d7e75cf125,apache/zookeeper,2018-05-09 21:57:41,0,0,0.06,0,0.06474399
05b774a1b05374618300f657c9c91b0d5c6ddf71,apache/zookeeper,2018-12-20 06:24:17,0,0,0.16,0,0.16879313
cc431f70020b9a2028edcc61e41cff9ee85b078f,apache/zookeeper,2019-05-22 09:39:06,0,0,0.42,1,0.7063006
