{
  "best_k": 15,
  "best_roc_auc": 0.791283053381367,
  "best_pr_auc": 0.5933190208794887,
  "best_f1": 0.585956416464891,
  "best_mcc": 0.40076907217226676,
  "best_precision": 0.5689655172413793,
  "best_recall": 0.6039933444259568,
  "best_accuracy": 0.7435,
  "difference_from_jit_baseline": -0.011716946618633095,
  "difference_from_previous_top25": -0.0007169466186330853
}