{
  "experiment": "experiment_4_jit_codebert",
  "dataset_rows": 10000,
  "train_rows": 8000,
  "test_rows": 2000,
  "jit_features": [
    "la",
    "ld",
    "nf",
    "ns",
    "nd",
    "ent",
    "ndev",
    "age",
    "nuc",
    "aexp",
    "arexp",
    "asexp"
  ],
  "codebert_pca_features": "pca_1..pca_384",
  "models": {
    "random_forest": {
      "accuracy": 0.6965,
      "precision": 0.2,
      "recall": 0.0033277870216306157,
      "f1": 0.006546644844517185,
      "roc_auc": 0.6869097132608388,
      "pr_auc": 0.4041845270068517,
      "mcc": -0.015539012855016394,
      "tn": 1391,
      "fp": 8,
      "fn": 599,
      "tp": 2
    },
    "xgboost": {
      "accuracy": 0.6915,
      "precision": 0.4708029197080292,
      "recall": 0.2146422628951747,
      "f1": 0.2948571428571429,
      "roc_auc": 0.6867099033181533,
      "pr_auc": 0.43094816651438306,
      "mcc": 0.14799971592459785,
      "tn": 1254,
      "fp": 145,
      "fn": 472,
      "tp": 129
    }
  },
  "scale_pos_weight": 5.097560975609756
}