{
  "method": "rf_importance",
  "k": "200",
  "rf_metrics": {
    "accuracy": 0.696,
    "precision": 0.36,
    "recall": 0.014975041597337771,
    "f1": 0.02875399361022364,
    "roc_auc": 0.7366528742303452,
    "pr_auc": 0.4477205920949704,
    "mcc": 0.014601158739144237,
    "tn": 1383,
    "fp": 16,
    "fn": 592,
    "tp": 9
  },
  "xgb_metrics": {
    "accuracy": 0.7025,
    "precision": 0.509375,
    "recall": 0.27121464226289516,
    "f1": 0.3539630836047774,
    "roc_auc": 0.7291552440000523,
    "pr_auc": 0.4826026445358115,
    "mcc": 0.19883402938755207,
    "tn": 1242,
    "fp": 157,
    "fn": 438,
    "tp": 163
  }
}