{
  "method": "rf_importance",
  "k": "25",
  "rf_metrics": {
    "accuracy": 0.6895,
    "precision": 0.3484848484848485,
    "recall": 0.03826955074875208,
    "f1": 0.06896551724137931,
    "roc_auc": 0.7361319411654865,
    "pr_auc": 0.45299550562121627,
    "mcc": 0.019334447363351773,
    "tn": 1356,
    "fp": 43,
    "fn": 578,
    "tp": 23
  },
  "xgb_metrics": {
    "accuracy": 0.743,
    "precision": 0.568503937007874,
    "recall": 0.6006655574043261,
    "f1": 0.5841423948220065,
    "roc_auc": 0.7918705897604541,
    "pr_auc": 0.6051851647871839,
    "mcc": 0.39869942863224567,
    "tn": 1125,
    "fp": 274,
    "fn": 240,
    "tp": 361
  }
}