{
  "method": "rf_importance",
  "k": "50",
  "rf_metrics": {
    "accuracy": 0.6895,
    "precision": 0.3076923076923077,
    "recall": 0.026622296173044926,
    "f1": 0.04900459418070444,
    "roc_auc": 0.7400246670131625,
    "pr_auc": 0.44720840607082435,
    "mcc": 0.0025630634442168777,
    "tn": 1363,
    "fp": 36,
    "fn": 585,
    "tp": 16
  },
  "xgb_metrics": {
    "accuracy": 0.7025,
    "precision": 0.5064935064935064,
    "recall": 0.389351081530782,
    "f1": 0.44026340545625586,
    "roc_auc": 0.7269858789080387,
    "pr_auc": 0.48864439460986087,
    "mcc": 0.24625227580726025,
    "tn": 1171,
    "fp": 228,
    "fn": 367,
    "tp": 234
  }
}