{
  "method": "rf_importance",
  "k": "all",
  "rf_metrics": {
    "accuracy": 0.6985,
    "precision": 0.4166666666666667,
    "recall": 0.008319467554076539,
    "f1": 0.01631321370309951,
    "roc_auc": 0.6885896629277628,
    "pr_auc": 0.40696477851645296,
    "mcc": 0.019685564049556112,
    "tn": 1392,
    "fp": 7,
    "fn": 596,
    "tp": 5
  },
  "xgb_metrics": {
    "accuracy": 0.704,
    "precision": 0.5157894736842106,
    "recall": 0.24459234608985025,
    "f1": 0.33182844243792325,
    "roc_auc": 0.7096166860331661,
    "pr_auc": 0.45968447145283514,
    "mcc": 0.19142429939806552,
    "tn": 1261,
    "fp": 138,
    "fn": 454,
    "tp": 147
  }
}