{
  "method": "xgb_importance",
  "k": "all",
  "rf_metrics": {
    "accuracy": 0.699,
    "precision": 0.4444444444444444,
    "recall": 0.0066555740432612314,
    "f1": 0.013114754098360656,
    "roc_auc": 0.6886199912226346,
    "pr_auc": 0.4089681552825628,
    "mcc": 0.02110884325400871,
    "tn": 1394,
    "fp": 5,
    "fn": 597,
    "tp": 4
  },
  "xgb_metrics": {
    "accuracy": 0.694,
    "precision": 0.48109965635738833,
    "recall": 0.23294509151414308,
    "f1": 0.31390134529147984,
    "roc_auc": 0.6842372552774206,
    "pr_auc": 0.4411790944685003,
    "mcc": 0.16254599943655,
    "tn": 1248,
    "fp": 151,
    "fn": 461,
    "tp": 140
  }
}