{
  "method": "xgb_importance",
  "k": "50",
  "rf_metrics": {
    "accuracy": 0.691,
    "precision": 0.2926829268292683,
    "recall": 0.019966722129783693,
    "f1": 0.037383177570093455,
    "roc_auc": 0.682665535996118,
    "pr_auc": 0.401374428232876,
    "mcc": -0.0024666230747273843,
    "tn": 1370,
    "fp": 29,
    "fn": 589,
    "tp": 12
  },
  "xgb_metrics": {
    "accuracy": 0.7065,
    "precision": 0.5159817351598174,
    "recall": 0.37603993344425957,
    "f1": 0.43503368623676614,
    "roc_auc": 0.7239708895943024,
    "pr_auc": 0.4733668528801449,
    "mcc": 0.2488805208201992,
    "tn": 1187,
    "fp": 212,
    "fn": 375,
    "tp": 226
  }
}