{
  "method": "xgb_importance",
  "k": "200",
  "rf_metrics": {
    "accuracy": 0.699,
    "precision": 0.45454545454545453,
    "recall": 0.008319467554076539,
    "f1": 0.016339869281045753,
    "roc_auc": 0.6890719422834709,
    "pr_auc": 0.41287699658441857,
    "mcc": 0.024986863335010694,
    "tn": 1393,
    "fp": 6,
    "fn": 596,
    "tp": 5
  },
  "xgb_metrics": {
    "accuracy": 0.7035,
    "precision": 0.5120481927710844,
    "recall": 0.28286189683860236,
    "f1": 0.36441586280814575,
    "roc_auc": 0.7086961330829366,
    "pr_auc": 0.45406012357245995,
    "mcc": 0.20585633699553116,
    "tn": 1237,
    "fp": 162,
    "fn": 431,
    "tp": 170
  }
}