{
  "method": "rf_importance",
  "k": "100",
  "rf_metrics": {
    "accuracy": 0.693,
    "precision": 0.30303030303030304,
    "recall": 0.016638935108153077,
    "f1": 0.031545741324921134,
    "roc_auc": 0.7119882397576591,
    "pr_auc": 0.42470014821679003,
    "mcc": 0.0007148439204966309,
    "tn": 1376,
    "fp": 23,
    "fn": 591,
    "tp": 10
  },
  "xgb_metrics": {
    "accuracy": 0.717,
    "precision": 0.5427872860635696,
    "recall": 0.36938435940099834,
    "f1": 0.4396039603960396,
    "roc_auc": 0.7574687886165421,
    "pr_auc": 0.49231454027572225,
    "mcc": 0.2679421833210868,
    "tn": 1212,
    "fp": 187,
    "fn": 379,
    "tp": 222
  }
}