{
  "method": "xgb_importance",
  "k": "25",
  "rf_metrics": {
    "accuracy": 0.6885,
    "precision": 0.28,
    "recall": 0.02329450915141431,
    "f1": 0.043010752688172046,
    "roc_auc": 0.7798254993167212,
    "pr_auc": 0.4883014769966211,
    "mcc": -0.007159875324354345,
    "tn": 1363,
    "fp": 36,
    "fn": 587,
    "tp": 14
  },
  "xgb_metrics": {
    "accuracy": 0.7125,
    "precision": 0.5241635687732342,
    "recall": 0.46921797004991683,
    "f1": 0.495171202809482,
    "roc_auc": 0.7627399651997684,
    "pr_auc": 0.5230636331489106,
    "mcc": 0.2959351855418725,
    "tn": 1143,
    "fp": 256,
    "fn": 319,
    "tp": 282
  }
}