{
  "accuracy": 0.6955,
  "precision": 0.36666666666666664,
  "recall": 0.018302828618968387,
  "f1": 0.03486529318541997,
  "roc_auc": 0.7100894506296987,
  "pr_auc": 0.4276099168165712,
  "mcc": 0.017809456786620617,
  "tn": 1380,
  "fp": 19,
  "fn": 590,
  "tp": 11
}