{
  "accuracy": 0.6945,
  "precision": 0.42424242424242425,
  "recall": 0.04658901830282862,
  "f1": 0.08395802098950525,
  "roc_auc": 0.7715179252116142,
  "pr_auc": 0.4874951479808206,
  "mcc": 0.0498593090042608,
  "tn": 1361,
  "fp": 38,
  "fn": 573,
  "tp": 28
}