{
  "accuracy": 0.693,
  "precision": 0.30303030303030304,
  "recall": 0.016638935108153077,
  "f1": 0.031545741324921134,
  "roc_auc": 0.7119882397576591,
  "pr_auc": 0.42470014821679003,
  "mcc": 0.0007148439204966309,
  "tn": 1376,
  "fp": 23,
  "fn": 591,
  "tp": 10
}