{
  "accuracy": 0.6895,
  "precision": 0.3484848484848485,
  "recall": 0.03826955074875208,
  "f1": 0.06896551724137931,
  "roc_auc": 0.7361319411654865,
  "pr_auc": 0.45299550562121627,
  "mcc": 0.019334447363351773,
  "tn": 1356,
  "fp": 43,
  "fn": 578,
  "tp": 23
}