{
  "accuracy": 0.691,
  "precision": 0.2926829268292683,
  "recall": 0.019966722129783693,
  "f1": 0.037383177570093455,
  "roc_auc": 0.682665535996118,
  "pr_auc": 0.401374428232876,
  "mcc": -0.0024666230747273843,
  "tn": 1370,
  "fp": 29,
  "fn": 589,
  "tp": 12
}