{
  "accuracy": 0.699,
  "precision": 0.4444444444444444,
  "recall": 0.0066555740432612314,
  "f1": 0.013114754098360656,
  "roc_auc": 0.6886199912226346,
  "pr_auc": 0.4089681552825628,
  "mcc": 0.02110884325400871,
  "tn": 1394,
  "fp": 5,
  "fn": 597,
  "tp": 4
}