{
  "accuracy": 0.698,
  "precision": 0.42857142857142855,
  "recall": 0.014975041597337771,
  "f1": 0.028938906752411574,
  "roc_auc": 0.6971945732571042,
  "pr_auc": 0.41072281177228226,
  "mcc": 0.028775501851428548,
  "tn": 1387,
  "fp": 12,
  "fn": 592,
  "tp": 9
}