{
  "accuracy": 0.6985,
  "precision": 0.4166666666666667,
  "recall": 0.008319467554076539,
  "f1": 0.01631321370309951,
  "roc_auc": 0.6885896629277628,
  "pr_auc": 0.40696477851645296,
  "mcc": 0.019685564049556112,
  "tn": 1392,
  "fp": 7,
  "fn": 596,
  "tp": 5
}