{
  "accuracy": 0.696,
  "precision": 0.36,
  "recall": 0.014975041597337771,
  "f1": 0.02875399361022364,
  "roc_auc": 0.7366528742303452,
  "pr_auc": 0.4477205920949704,
  "mcc": 0.014601158739144237,
  "tn": 1383,
  "fp": 16,
  "fn": 592,
  "tp": 9
}