{
  "accuracy": 0.6985,
  "precision": 0.3333333333333333,
  "recall": 0.0033277870216306157,
  "f1": 0.006589785831960461,
  "roc_auc": 0.6938965198578971,
  "pr_auc": 0.4068182115806486,
  "mcc": 0.003928365844687744,
  "tn": 1395,
  "fp": 4,
  "fn": 599,
  "tp": 2
}