{
  "accuracy": 0.697,
  "precision": 0.42857142857142855,
  "recall": 0.024958402662229616,
  "f1": 0.04716981132075472,
  "roc_auc": 0.710575892692546,
  "pr_auc": 0.42145904842435694,
  "mcc": 0.03728111572162161,
  "tn": 1379,
  "fp": 20,
  "fn": 586,
  "tp": 15
}