{
  "accuracy": 0.6945,
  "precision": 0.4810606060606061,
  "recall": 0.2113144758735441,
  "f1": 0.29364161849710985,
  "roc_auc": 0.6867301221814013,
  "pr_auc": 0.43598736358252066,
  "mcc": 0.15357976871894277,
  "tn": 1262,
  "fp": 137,
  "fn": 474,
  "tp": 127
}