{
  "accuracy": 0.704,
  "precision": 0.5157894736842106,
  "recall": 0.24459234608985025,
  "f1": 0.33182844243792325,
  "roc_auc": 0.7096166860331661,
  "pr_auc": 0.45968447145283514,
  "mcc": 0.19142429939806552,
  "tn": 1261,
  "fp": 138,
  "fn": 454,
  "tp": 147
}