{
  "accuracy": 0.693,
  "precision": 0.4786885245901639,
  "recall": 0.24292845257903495,
  "f1": 0.32229580573951433,
  "roc_auc": 0.7105122627405599,
  "pr_auc": 0.4477922725934098,
  "mcc": 0.16486508950080084,
  "tn": 1240,
  "fp": 159,
  "fn": 455,
  "tp": 146
}