{
  "accuracy": 0.7065,
  "precision": 0.5159817351598174,
  "recall": 0.37603993344425957,
  "f1": 0.43503368623676614,
  "roc_auc": 0.7239708895943024,
  "pr_auc": 0.4733668528801449,
  "mcc": 0.2488805208201992,
  "tn": 1187,
  "fp": 212,
  "fn": 375,
  "tp": 226
}