{
  "accuracy": 0.7425,
  "precision": 0.56656346749226,
  "recall": 0.6089850249584027,
  "f1": 0.58700882117081,
  "roc_auc": 0.7902495126659285,
  "pr_auc": 0.5865486578776815,
  "mcc": 0.4008446356704991,
  "tn": 1119,
  "fp": 280,
  "fn": 235,
  "tp": 366
}