{
  "accuracy": 0.7025,
  "precision": 0.5064935064935064,
  "recall": 0.389351081530782,
  "f1": 0.44026340545625586,
  "roc_auc": 0.7269858789080387,
  "pr_auc": 0.48864439460986087,
  "mcc": 0.24625227580726025,
  "tn": 1171,
  "fp": 228,
  "fn": 367,
  "tp": 234
}