{
  "accuracy": 0.7035,
  "precision": 0.5120481927710844,
  "recall": 0.28286189683860236,
  "f1": 0.36441586280814575,
  "roc_auc": 0.7086961330829366,
  "pr_auc": 0.45406012357245995,
  "mcc": 0.20585633699553116,
  "tn": 1237,
  "fp": 162,
  "fn": 431,
  "tp": 170
}