{
  "best_model": "JIT",
  "best_feature_set": "ONLY",
  "jit_only_roc_auc": 0.8029392280438012,
  "pca_only_roc_auc": 0.68193468355695,
  "fusion_roc_auc": 0.6869097132608388,
  "jit_only_pr_auc": 0.6222529884581633,
  "pca_only_pr_auc": 0.43768334416143295,
  "fusion_pr_auc": 0.43094816651438306,
  "fusion_gain_over_jit": -0.11602951478296242,
  "fusion_gain_over_pca": 0.004975029703888856,
  "fusion_gain_over_jit_interpretation": "performance degradation",
  "fusion_gain_over_pca_interpretation": "no improvement"
}