{
  "accuracy": 0.69,
  "precision": 0.46441947565543074,
  "recall": 0.20632279534109818,
  "f1": 0.2857142857142857,
  "roc_auc": 0.68193468355695,
  "pr_auc": 0.43768334416143295,
  "mcc": 0.14033655393776573,
  "tn": 1256,
  "fp": 143,
  "fn": 477,
  "tp": 124
}